name,global sales
Nicktoons: MLB,0.18924804289097089
Shonen Jump's One Piece: Grand Battle,0.13498280396782147
Learn Math,0.18924804289097089
Nitrobike,0.17756643627973176
Cruise Ship Vacation Games,0.18924804289097089
Pro Yaky? Spirits 6,0.08197641297790205
Paperboy / Rampage,0.13938827745703788
Shiren the Wanderer 4 - God's Eye and the Demon's Navel,0.08197641297790205
Vampire Moon: The Mystery of the Hidden Sun,0.18924804289097089
Sentou Kokka Air Land Battle,0.08197641297790205
Quick Yoga Training,0.18924804289097089
Attack on Titan (KOEI),0.08197641297790205
NTRA Breeders' Cup World Thoroughbred Championships,0.13498280396782147
Hulk Hogan's Main Event,0.13938827745703788
Tak 2: The Staff of Dreams,0.13938827745703788
Destroy All Humans! Big Willy Unleashed,0.18924804289097089
Retro Atari Classics,0.18924804289097089
Imagine: Fashion Designer,0.13938827745703788
Need for Speed Underground 2,0.17756643627973176
My Spanish Coach,0.18924804289097089
Ys: The Ark of Napishtim,0.13498280396782147
Dragon Quest Heroes II: Twin Kings and the Prophecy's End,0.08197641297790205
Dragon Age Origins: Awakening,0.08037281294151427
Azure Dreams,0.13498280396782147
Divinity II: The Dragon Knight Saga,0.17756643627973176
SingStar Latino,0.13498280396782147
Kung Fu Panda 2,0.13498280396782147
NHL 2K8,0.17756643627973176
Pro Baseball Spirits 2015,0.08197641297790205
Haunted House,0.18924804289097089
Top Spin 3,0.17756643627973176
Syberia,0.13938827745703788
Kurt Warner's Arena Football Unleashed,0.13498280396782147
Puzzle Kingdoms,0.18924804289097089
Hyperdimension Neptunia,0.06537171945526095
Life is Strange,0.13257567481509228
Suite PreCure: Melody Collection,0.08197641297790205
NHL 2K9,0.13498280396782147
Shin Megami Tensei: Devil Summoner 2 - Raidou Kuzunoha vs. King Abaddon,0.13498280396782147
Rogue Ops,0.13938827745703788
NBA Hoopz,0.13498280396782147
Transworld Surf,0.13938827745703788
History Civil War: Secret Missions,0.18924804289097089
MLB 11: The Show,0.13498280396782147
Castrol Honda Superbike Racing,0.13498280396782147
X-Blades,0.12461871631481604
Teenage Mutant Ninja Turtles: Danger of the Ooze,0.12461871631481604
Army Men: Green Rogue,0.13498280396782147
Chessmaster,0.13938827745703788
Brain Assist,0.18924804289097089
Freddi Fish: ABC under the sea,0.18924804289097089
Adventures to Go!,0.17756643627973176
Monster Rancher DS,0.12461871631481604
Peter Jackson's King Kong: The Official Game of the Movie,0.18924804289097089
Superman: The Man of Steel,0.13938827745703788
Kororinpa: Marble Mania,0.12461871631481604
Ken to Mahou to Gakuen Mono. 3,0.08197641297790205
The Flintstones: Bedrock Bowling,0.13498280396782147
NHL 2003,0.13938827745703788
Chicken Run,0.13498280396782147
Injustice: Gods Among Us,0.13257567481509228
Fatal Inertia,0.18924804289097089
Over the Hedge: Hammy Goes Nuts!,0.18924804289097089
Phantom Brave: We Meet Again,0.18924804289097089
NHL 2K9,0.17756643627973176
Shining Force III,0.08197641297790205
Jikkyou Powerful Pro Yakyuu 2011 Ketteiban,0.08197641297790205
Tales of the Heroes: Twin Brave,0.08197641297790205
WWE Survivor Series,0.13257567481509228
Kouchuu Ouja Mushi King: Greatest Champion e no Michi DS 2,0.08197641297790205
Kung-Fu: High Impact,0.13498280396782147
Euro Truck Simulator 2,0.11496138762704
Bakugan: Battle Trainer,0.18924804289097089
Super Robot Wars BX,0.08197641297790205
Tomb Raider: Legend,0.13938827745703788
Nagano Winter Olympics '98,0.13498280396782147
I Spy: Universe,0.18924804289097089
Ninjatown,0.18924804289097089
Warcraft III: Reign of Chaos,0.08037281294151427
Winning Post 5,0.08197641297790205
Frogger Beyond,0.13938827745703788
Lord of the Rings: Tactics,0.17756643627973176
RPG Maker II,0.13498280396782147
The Oregon Trail,0.18924804289097089
Alone in the Dark: Inferno,0.13257567481509228
TRON: Evolution,0.13938827745703788
Gravity Rush Remastered,0.07573580710826644
Destruction Derby Arenas,0.13498280396782147
Dengeki Bunko Fighting Climax,0.06537171945526095
MLB Power Pros 2008,0.17756643627973176
Littlest Pet Shop: Spring,0.18924804289097089
The Unholy War,0.13498280396782147
Cabela's Dangerous Hunts 2009,0.18924804289097089
Rumble Roses XX,0.12461871631481604
Total War: WARHAMMER,0.11496138762704
Wantame Music Channel: Doko Demo Style,0.08197641297790205
Disney's Winnie the Pooh's Rumbly Tumbly Adventure,0.13257567481509228
Shaman King: Power of Spirit,0.13498280396782147
Anno 1701: Dawn of Discovery,0.13498280396782147
Soccer Tsuku DS: World Challenge 2010,0.08197641297790205
The BIGS 2,0.18924804289097089
LEGO Legends of Chima: Laval's Journey,0.08037281294151427
DreamWorks Super Star Kartz,0.12461871631481604
Contra III: The Alien Wars,0.08197641297790205
The Amazing Race,0.18924804289097089
Dead to Rights: Reckoning,0.18924804289097089
Slime MoriMori Dragon Quest 3: Taikaizoku to Shippo Dan,0.08197641297790205
NBA 08,0.18924804289097089
Hasbro Family Fun Pack,0.13938827745703788
Amagami,0.08197641297790205
No Fear Downhill Mountain Biking,0.13498280396782147
NCIS,0.12461871631481604
The IdolM@ster: One for All,0.08197641297790205
Fire ProWrestling,0.13257567481509228
Eternal Poison (JP sales),0.08197641297790205
Mission: Impossible - Operation Surma,0.13938827745703788
Legendary,0.12461871631481604
Chuck E. Cheese's Game Room,0.18924804289097089
MX 2002 Featuring Ricky Carmichael,0.13938827745703788
Romance of the Three Kingdoms IV: Wall of Fire,0.06537171945526095
Illusion of Gaia,0.08197641297790205
Batman: Arkham Knight,0.13257567481509228
Disney's Kim Possible: Kimmunicator,0.17756643627973176
Mega Man Anniversary Collection,0.13938827745703788
Sally's Salon,0.18924804289097089
Disruptor,0.13498280396782147
Pro Evolution Soccer 2017,0.07573580710826644
Zoobles! Spring to Life!,0.13938827745703788
Diablo II,0.08037281294151427
Shrek Smash n' Crash Racing,0.13938827745703788
F1 2011,0.08037281294151427
Drakengard 2,0.13498280396782147
Ben 10 Galactic Racing,0.13257567481509228
Grand Knights History,0.08197641297790205
Scene It? Bright Lights! Big Screen!,0.13938827745703788
Harvest Moon DS (jp sales),0.08197641297790205
Castlevania: Legacy of Darkness,0.12461871631481604
Sin and Punishment,0.08197641297790205
NBA Jam 2000,0.18924804289097089
Sonic Riders,0.13938827745703788
Shrek Super Party,0.13938827745703788
Venetica,0.13257567481509228
Rally Fusion: Race of Champions,0.13498280396782147
The House of the Dead,0.08197641297790205
Transformers: Prime,0.13257567481509228
Persona 4: Arena,0.12461871631481604
Street Fighter IV,0.13498280396782147
Cabela's Alaskan Adventure,0.18924804289097089
RealSports Volleyball,0.18924804289097089
Heroes of the Pacific,0.13938827745703788
RollerCoaster Tycoon,0.13938827745703788
NightCaster,0.13938827745703788
FIFA World Cup Germany 2006,0.13938827745703788
Space Camp,0.18924804289097089
Hitman 2: Silent Assassin,0.13938827745703788
Lovely Lisa and Friends,0.18924804289097089
Digimon Racing,0.13257567481509228
All Star Cheer Squad 2,0.18924804289097089
Ape Escape 3,0.13498280396782147
"Crouching Tiger, Hidden Dragon",0.13498280396782147
Final Fantasy XIV: Heavensward,0.08037281294151427
Last Bronx,0.08197641297790205
Secret Agent Clank,0.06537171945526095
Barbie and the Three Musketeers,0.18924804289097089
Science Papa,0.17756643627973176
Momotaro Douchuuki,0.08197641297790205
Iridion II,0.13257567481509228
Whiplash,0.13498280396782147
007: Quantum of Solace,0.17756643627973176
Family Fortunes,0.11496138762704
Borderlands: Double Game Add-On Pack,0.13938827745703788
Farming Simulator 2011,0.13199000896845037
Watch Dogs,0.13498280396782147
BlazBlue: Continuum Shift II,0.06537171945526095
Summon Night: Twin Age,0.12461871631481604
Spider-Man: Battle for New York,0.18924804289097089
Pop'n Music Portable,0.08197641297790205
Nintendo Puzzle Collection,0.08197641297790205
Destroy All Humans! Path of the Furon,0.12461871631481604
Army Men: Soldiers of Misfortune,0.18924804289097089
Game Party: Champions,0.13257567481509228
Otogi: Myth of Demons,0.12461871631481604
Margot's Word Brain,0.18924804289097089
Peppa Pig: Fun and Games,0.08931643091788713
Dreamworks 2-in-1 Party Pack,0.18924804289097089
Alter Echo,0.13498280396782147
Walt Disney Pictures Presents: The Wild,0.13257567481509228
Green Lantern: Rise of the Manhunters,0.13257567481509228
Puzzle de Harvest Moon,0.18924804289097089
Metal Max 3,0.08197641297790205
Rock Band Track Pack Volume 1,0.13498280396782147
Puyo Puyo!! 20th Anniversary,0.08197641297790205
My Baby: First Steps,0.18924804289097089
Namco Soccer Prime Goal,0.08197641297790205
NBA 08,0.13498280396782147
Monster Hunter Frontier Online,0.08197641297790205
Shin Megami Tensei: Digital Devil Saga,0.13498280396782147
Deception IV: Blood Ties,0.06537171945526095
Rango: The Video Game,0.13961980980106928
Assassination Classroom: Grand Siege on Kuro-sensei,0.08197641297790205
Megamind: The Blue Defender,0.12461871631481604
Puppies 3D,0.12461871631481604
Cars 2,0.13938827745703788
The Stronghold Collection,0.08037281294151427
Jissen Pachi-Slot Hisshouhou! Aladdin II Evolution,0.08197641297790205
Mystic Ark,0.08197641297790205
One Piece: Unlimited World Red,0.06537171945526095
The Price is Right 2010 Edition,0.18924804289097089
Cabela's Dangerous Hunts 2009,0.18924804289097089
Ty the Tasmanian Tiger 2: Bush Rescue,0.13257567481509228
Teenage Mutant Ninja Turtles 2: Battle Nexus,0.13938827745703788
Tom Clancy's Splinter Cell: Double Agent,0.13938827745703788
LEGO Racers 2,0.13498280396782147
Eat Lead: The Return of Matt Hazard,0.13257567481509228
Yu-Gi-Oh! Nightmare Troubadour (JP sales),0.06537171945526095
Backyard Baseball,0.13938827745703788
Star Wars: Lethal Alliance,0.17756643627973176
Naruto Shippuden: Kizuna Drive,0.06537171945526095
Under Night In-Birth,0.12461871631481604
Sega GT,0.08197641297790205
Steel Battalion: Heavy Armor,0.12461871631481604
Green Lantern: Rise of the Manhunters,0.12461871631481604
Legends of Wrestling,0.13938827745703788
Fit in Six,0.18924804289097089
Gunstar Heroes,0.08197641297790205
All-Star Baseball 2004,0.13938827745703788
Tamagotchi no Pichi Pichi Omisecchi,0.08197641297790205
Shining Wind,0.08197641297790205
Rock Band Track Pack Volume 2,0.17756643627973176
Dokapon Kingdom,0.18924804289097089
Onechanbara: Bikini Samurai Squad,0.17756643627973176
Portal Runner,0.13498280396782147
Pok√©mon: For Ho-Oh the Bells Toll!: Game Boy Advance Video,0.13257567481509228
Warriors Orochi 2,0.13498280396782147
Hyperdevotion Noire: Goddess Black Heart,0.06537171945526095
Disney's Winnie the Pooh's Rumbly Tumbly Adventure,0.13498280396782147
Assault: Retribution,0.13498280396782147
Sengoku Basara 3 Utage,0.08197641297790205
Spartan: Total Warrior,0.13938827745703788
City Crisis,0.13498280396782147
Zapper: One Wicked Cricket!,0.13938827745703788
Smart Boy's Gameroom,0.18924804289097089
Victorious: Time to Shine,0.18924804289097089
Star Wars: Clone Wars,0.13938827745703788
High Rollers Casino,0.13938827745703788
Advent Rising,0.13938827745703788
Surf Riders,0.13498280396782147
Torino 2006,0.13498280396782147
Nobunaga no Yabou: Ranseiki,0.08197641297790205
Derby Stallion Advance,0.08197641297790205
The X-Factor,0.08037281294151427
Monopoly Party,0.13938827745703788
Snood,0.13257567481509228
TOCA Race Driver 2: Ultimate Racing Simulator,0.13257567481509228
Monster Jam: Urban Assault,0.13498280396782147
DT Racer,0.13498280396782147
Soccer Tsuku: Pro Soccer Club o Tsukurou!,0.08197641297790205
World Cup Golf: Professional Edition,0.13498280396782147
NBA 2K13,0.12461871631481604
Black Dawn,0.13498280396782147
428: Fuusa Sareta Shibuya de,0.08197641297790205
7 Wonders of the Ancient World,0.13938827745703788
Kelly Slater's Pro Surfer,0.13257567481509228
Top Shot Arcade,0.18924804289097089
Warriors of Might and Magic,0.13498280396782147
Twister Mania,0.13938827745703788
Drome Racers,0.13498280396782147
Gungnir: Mayari no Gunshin to Eiyuu Sensou,0.12461871631481604
X-Men: Next Dimension,0.13938827745703788
Dynasty Warriors 5 Empires,0.17756643627973176
Fuse (Insomniac),0.13257567481509228
WipeOut 3 The Game,0.17756643627973176
7th Dragon 2020-II,0.08197641297790205
Doukyuusei 2,0.08197641297790205
Aikatsu! 365 Idol Days,0.08197641297790205
SkullMonkeys,0.13498280396782147
Burnout,0.13257567481509228
Baroque,0.06537171945526095
SBK 2011: FIM Superbike World Championship,0.08037281294151427
Jurassic: The Hunted,0.18924804289097089
Dynasty Warriors: Gundam Reborn,0.08197641297790205
Little Battlers eXperience: Wars,0.08197641297790205
DreamWorks Super Star Kartz,0.12461871631481604
Hour of Victory,0.13938827745703788
Indianapolis 500 Legends,0.18924804289097089
NBA Ballers: Phenom,0.13257567481509228
Shimano Xtreme Fishing,0.18924804289097089
Crash Tag Team Racing,0.13257567481509228
Freedom Fighters,0.13938827745703788
Yu-Gi-Oh! GX: Tag Force,0.13257567481509228
NBA 2K17,0.12461871631481604
Mega Man X Collection,0.13938827745703788
Left Brain Right Brain 2,0.18924804289097089
Detana TwinBee Yahho! Deluxe Pack,0.08197641297790205
Last Ranker,0.08197641297790205
Quantum Redshift,0.13257567481509228
The History Channel: Great Battles - Medieval,0.12461871631481604
Smash Court Tennis Pro Tournament 2,0.13498280396782147
Brothers in Arms: Double Time,0.17756643627973176
Legends of Wrestling II,0.13257567481509228
Power Pro Kun Pocket 13,0.08197641297790205
Armed and Dangerous,0.13257567481509228
Football Manager 2012,0.08037281294151427
Project CARS,0.11496138762704
Teenage Mutant Ninja Turtles: Arcade Attack,0.18924804289097089
World Soccer Winning Eleven 2002,0.08197641297790205
Actua Tennis,0.13498280396782147
Monster Truck Madness,0.13257567481509228
Resident Evil,0.08197641297790205
Sonic Jam,0.08197641297790205
Puella Magi Madoka Magica Portable,0.08197641297790205
Peter Jacobsen's Golden Tee Golf,0.13498280396782147
Space Bust-A-Move,0.13938827745703788
Avatar: The Last Airbender - Into the Inferno,0.17756643627973176
Deadpool,0.13257567481509228
Disney's Atlantis: The Lost Empire,0.13257567481509228
Nippon Daihyou Team no Kantoku ni Narou! Sekaihatsu Soccer RPG,0.08197641297790205
Just Cause 2,0.08037281294151427
Crush3D,0.12461871631481604
LEGO Marvel's Avengers,0.08037281294151427
High Velocity: Mountain Racing Challenge,0.08197641297790205
NeverDead,0.12461871631481604
Capcom vs. SNK 2: Millionaire Fighting 2001,0.08197641297790205
Criticom,0.13498280396782147
Mega Man X: Command Mission,0.13938827745703788
Charm Girls Club: My Fashion Mall,0.18924804289097089
SCORE International Baja 1000: The Official Game,0.17756643627973176
Deepak Chopra's Leela,0.13938827745703788
Need for Speed: ProStreet,0.17756643627973176
DiRT Rally,0.08037281294151427
NHL 2K7,0.17756643627973176
Go Play: Circus Star,0.18924804289097089
Worms 3D,0.13498280396782147
Gladiator Begins,0.06537171945526095
Clock Tower: The First Fear,0.08197641297790205
Sleeping Dogs,0.13498280396782147
Kidou Senshi Gundam Seed Battle Destiny,0.08197641297790205
Diner Dash: Sizzle & Serve,0.17756643627973176
Impossible Mission,0.17756643627973176
"Kilari: Na-san, Mon Meilleur Ami",0.08197641297790205
Strikers 1945,0.13498280396782147
Ochaken no Heya DS,0.08197641297790205
Fire ProWrestling S: 6Men Scramble,0.08197641297790205
Galidor: Defenders of the Outer Dimension,0.13257567481509228
Pryzm Chapter One: The Dark Unicorn,0.13498280396782147
Gundam Battle Royale,0.08197641297790205
F1 2016 (Codemasters),0.08037281294151427
Eat Lead: The Return of Matt Hazard,0.13938827745703788
Karaoke Revolution,0.18924804289097089
Zen-Nippon Pro Wrestling: Ouja no Kon,0.08197641297790205
NASCAR 2005: Chase for the Cup,0.13938827745703788
Are You Smarter than a 5th Grader? Game Time,0.18924804289097089
"Hisshou Pachinko*Pachi-Slot Kouryaku Series Vol. 12: CR Shinseiki Evangelion - Shito, Futatabi",0.08197641297790205
Guilty Gear X,0.13498280396782147
Obscure: The Aftermath,0.17756643627973176
One Piece: Pirate Warriors 2,0.08197641297790205
Gotouchi Tetsudou: Gotouchi Chara to Nihon Zenkoku no Tabi,0.08197641297790205
NHL 2002,0.13257567481509228
Mugen no Frontier: Super Robot Taisen OG Saga EXCEED,0.08197641297790205
Etrian Odyssey V,0.08197641297790205
Disney's PK: Out of the Shadows,0.13498280396782147
Wild Earth: African Safari,0.13938827745703788
Echo Night,0.06537171945526095
Wild ARMs 5 (jp sales),0.08197641297790205
Record of Agarest War Zero,0.13257567481509228
Colony Wars III: Red Sun,0.13498280396782147
Magic: The Gathering - Battlemage,0.13498280396782147
Rocksmith,0.12461871631481604
Backyard Baseball '09,0.17756643627973176
James Bond 007: Legends,0.13498280396782147
Conception II: Children of the Seven Stars,0.13257567481509228
The King of Fighters '94,0.08197641297790205
DS Yamamura Misa Suspense: Maiko Kogiku - Kisha Katherine - Sougiya Isa Akashi - Koto ni Maru Hana Sanrin: Kyoto Satujin Jinken File,0.08197641297790205
All Kamen Rider: Rider Generation,0.08197641297790205
The King of Fighters '98 Ultimate Match,0.06537171945526095
Reader Rabbit Kindergarten,0.18924804289097089
Puzzle Quest: Challenge of the Warlords,0.13498280396782147
Chessmaster: The Art of Learning,0.17756643627973176
Guardian's Crusade,0.13498280396782147
MotoGP 3 - Official Game of MotoGP,0.13498280396782147
Lego Star Wars: The Force Awakens,0.08037281294151427
Makai Kingdom: Chronicles of the Sacred Tome,0.13498280396782147
Lemony Snicket's A Series of Unfortunate Events,0.13257567481509228
Gundam Breaker 3,0.08197641297790205
Neopets Petpet Adventures: The Wand of Wishing,0.17756643627973176
The Ant Bully,0.13257567481509228
M&M's Kart Racing,0.17756643627973176
Bomberman Party Edition,0.13498280396782147
Ice Age: Dawn of the Dinosaurs,0.13257567481509228
SingStar Vol. 3,0.08037281294151427
Star Trek: Conquest,0.17756643627973176
My Fitness Coach: Club,0.08037281294151427
Major League Baseball 2K8 Fantasy All-Stars,0.17756643627973176
Eyeshield 21: Max Devil Power,0.08197641297790205
Summon Night 3,0.08197641297790205
O.D.T.: Escape... Or Die Trying,0.13498280396782147
Madden NFL 06,0.17756643627973176
Rango: The Video Game,0.12461871631481604
Break 'Em All,0.17756643627973176
Super Robot Wars OG Saga: Masou Kishin II - Revelation of Evil God,0.08197641297790205
Mobile Suit Gundam Seed: Rengou vs. Z.A.F.T. Portable,0.08197641297790205
San Goku Shi V,0.08197641297790205
Red Faction II,0.13257567481509228
Go! Sudoku,0.17756643627973176
Daikaijyuu Monogatari II,0.08197641297790205
Rock Band Track Pack Volume 2,0.13498280396782147
Voodoo Vince,0.13257567481509228
Disney Sing It: Party Hits,0.13938827745703788
Gundam Memories: Tatakai no Kioku,0.08197641297790205
Everybody Dance,0.17756643627973176
Kaijuu Busters,0.08197641297790205
Blackwater,0.13257567481509228
Tom Clancy's Ghost Recon,0.13938827745703788
Ferrari Challenge Trofeo Pirelli,0.13498280396782147
Moshi Monsters: Katsuma Unleashed,0.08931643091788713
Virtua Fighter CG Portrait Series Vol.4: Pai Chan,0.08197641297790205
Chase: Hollywood Stunt Driver,0.13257567481509228
Mobile Suit Gundam Side Story: Missing Link,0.08197641297790205
Thor: God of Thunder,0.12461871631481604
The X Files: Resist or Serve,0.13498280396782147
Touch My Katamari,0.12461871631481604
PixelJunk Monsters Deluxe,0.17756643627973176
Saru! Get You! Million Monkeys,0.08197641297790205
Legend of the Guardians: The Owls of Ga'Hoole,0.17756643627973176
Ben 10 Galactic Racing,0.12461871631481604
Curious George,0.13498280396782147
Killer is Dead,0.12461871631481604
Don Bradman Cricket 14,0.08037281294151427
Megamind: Ultimate Showdown,0.12461871631481604
Zathura,0.13498280396782147
Medarot DS: Kabuto / Kuwagata Ver.,0.08197641297790205
Atelier Sophie: The Alchemist of the Mysterious Book,0.06537171945526095
Mytran Wars,0.12461871631481604
Making History: The Great War,0.08197641297790205
NCIS,0.12461871631481604
Undead Knights,0.06537171945526095
Ninja Reflex,0.17756643627973176
Cel Damage,0.13257567481509228
Lovely Lisa,0.17756643627973176
Dance Paradise,0.13938827745703788
SSX 3,0.13257567481509228
Sword Art Online: Hollow Fragment,0.08037281294151427
Supremacy MMA,0.12461871631481604
Yamakawa Shuppansha Kanshuu: Shousetsu Nihonshi B,0.08197641297790205
The God of War Trilogy,0.08037281294151427
Lunar: Dragon Song,0.17756643627973176
Breakdown,0.13257567481509228
Rush,0.17756643627973176
Ecco the Dolphin,0.08197641297790205
Solitaire & Mahjong,0.17756643627973176
Venetica,0.12461871631481604
Looney Tunes: Sheep Raider,0.13498280396782147
Horse Life,0.13257567481509228
Geometry Wars: Galaxies,0.17756643627973176
Robinson: The Journey,0.12461871631481604
Conduit 2,0.12461871631481604
Harvest Moon 2 GBC,0.08197641297790205
Zenses: Rainforest,0.13938827745703788
Backyard Baseball '10,0.17756643627973176
Rise of the Tomb Raider,0.08931643091788713
The Lord of the Rings: Aragorn's Quest,0.12461871631481604
X2: Wolverine's Revenge,0.13257567481509228
Cabela's Dangerous Hunts 2011,0.17756643627973176
Hatsune Miku: Project Diva X,0.06537171945526095
Deadliest Catch: Sea of Chaos,0.17756643627973176
McDROID,0.08197641297790205
Destiny: The Collection,0.08037281294151427
Lego Star Wars: The Force Awakens,0.08037281294151427
Gallop Racer 2000,0.06537171945526095
Showdown: Legends of Wrestling,0.13257567481509228
Godzilla Unleashed: Double Smash,0.17756643627973176
My Farm Around the World,0.17756643627973176
Macross Triangle Frontier,0.08197641297790205
SpongeBob's Surf & Skate Roadtrip,0.13938827745703788
Farming Simulator 17,0.08037281294151427
Dishonored 2,0.08037281294151427
NASCAR Unleashed,0.17756643627973176
The Smurfs 2,0.08037281294151427
Street Hoops,0.13257567481509228
Backyard Sports Football: Rookie Rush,0.17756643627973176
Transformers: War for Cybertron -- Decepticons,0.17756643627973176
Rocket: Robot on Wheels,0.13938827745703788
Densha De Go! 64,0.06537171945526095
NFL QB Club 2001,0.17756643627973176
Earthworm Jim 3D,0.13938827745703788
NPPL: Championship Paintball 2009,0.13938827745703788
Shin Megami Tensei: Devil Survivor 2,0.06537171945526095
Atelier Annie: Alchemists of Sera Island,0.12461871631481604
WRC: FIA World Rally Championship,0.08037281294151427
PBR: Out of the Chute,0.17756643627973176
WWE SmackDown vs Raw 2008,0.17756643627973176
Godzilla: Destroy All Monsters Melee,0.13257567481509228
College Hoops 2K6,0.17756643627973176
Sega Soccer Slam,0.13498280396782147
Dragon Quest Builders: Revive Alefgard,0.08197641297790205
Dora the Explorer: Dora Saves the Mermaids,0.13498280396782147
2 Games in 1 Double Pack: Hot Wheels Velocity X / Hot Wheels World Race,0.13257567481509228
DiRT 2,0.12461871631481604
Mahou Shoujo Lyrical Nanoha A's Portable: The Gears of Destiny,0.08197641297790205
Dodge Racing: Charger vs Challenger,0.17756643627973176
Fate/Extra CCC,0.08197641297790205
Greg Hastings Paintball 2,0.17756643627973176
Fat Princess: Fistful of Cake,0.12461871631481604
MTV Sports: Pure Ride,0.13498280396782147
Burning Road,0.13498280396782147
Sonic Adventure 2,0.08197641297790205
IndyCar Series,0.13498280396782147
Slayers,0.08197641297790205
Super Robot Wars OG Saga: Masou Kishin - The Lord of Elemental,0.08197641297790205
Space Chimps,0.13498280396782147
Backyard Sports Football: Rookie Rush,0.17756643627973176
Crash Superpack: Crash Bandicoot 2: N-Tranced / Crash Nitro Kart,0.13257567481509228
Famicom Mini: TwinBee,0.08197641297790205
Tony Hawk's Pro Skater 5,0.13257567481509228
Gladiator: Sword of Vengeance,0.13498280396782147
Rodea the Sky Soldier,0.12461871631481604
The Daring Game for Girls,0.17756643627973176
Yakuza Kiwami,0.08197641297790205
DreamWorks Super Star Kartz,0.12461871631481604
Pinball Hall of Fame: The Williams Collection,0.17756643627973176
Ultimate Card Games,0.13257567481509228
Jikkyou Powerful Pro Yakyuu 8 Ketteiban,0.08197641297790205
NBA 2K17,0.13257567481509228
Academy of Champions: Soccer,0.13257567481509228
Overlord: Raising Hell,0.12461871631481604
Wallace & Gromit: Curse of the Were-Rabbit,0.13498280396782147
Power Gig: Rise of the SixString,0.17756643627973176
Mountain Sports,0.17756643627973176
Puzzle Kingdoms,0.17756643627973176
Skylanders: SuperChargers,0.08037281294151427
Monster Jam: Path of Destruction,0.17756643627973176
The Bible Game,0.13257567481509228
NFL Head Coach,0.13257567481509228
Just Dance: Disney Party,0.08037281294151427
Medarot 4: Kabuto / Kuwagata Version,0.08197641297790205
Deca Sports Extreme,0.12461871631481604
Kidz Sports: Crazy Golf,0.17756643627973176
Major League Baseball 2K6,0.17756643627973176
Mahou Shoujo Lyrical Nanoha A's Portable: The Battle of Aces,0.08197641297790205
Deepak Chopra's Leela,0.12461871631481604
"Ed, Edd n Eddy: The Mis-Edventures",0.12461871631481604
Onimusha: Blade Warriors,0.13498280396782147
One Piece: Super Grand Battle! X,0.08197641297790205
Disney's Extreme Skate Adventure,0.13257567481509228
Akuji the Heartless,0.12461871631481604
NBA 2K2,0.13257567481509228
Akiba's Trip: Undead & Undressed,0.12461871631481604
Psychonauts,0.13257567481509228
Tales of Berseria,0.08197641297790205
Jeremy McGrath Supercross World,0.13257567481509228
Uta no * Prince-Sama: All Star,0.08197641297790205
HardBall 5,0.12461871631481604
Airborne Troops: Countdown to D-Day,0.13498280396782147
MLB Inside Pitch 2003,0.13257567481509228
Jikkyou Powerful Pro Yakyuu 2014,0.08197641297790205
Skate City Heroes,0.17756643627973176
The Sky Crawlers: Innocent Aces,0.12461871631481604
Battle Arena Toshinden Remix,0.08197641297790205
nail'd,0.12461871631481604
Legends of Wrestling II,0.13257567481509228
Lost Magic,0.13257567481509228
A.C.E.: Another Century's Episode Portable,0.08197641297790205
Jaws: Ultimate Predator,0.17756643627973176
Marvel Avengers: Battle for Earth,0.12461871631481604
Jikkyou Powerful Pro Yakyuu 9,0.06537171945526095
Rock Band: Metal Track Pack,0.17756643627973176
Alice: Madness Returns,0.08037281294151427
Barbie as The Island Princess,0.12461871631481604
Crime Killer,0.12461871631481604
Petz Puppyz & Kittenz,0.17756643627973176
Backyard Wrestling 2: There Goes the Neighborhood,0.13257567481509228
Raiden IV,0.13938827745703788
MX vs. ATV Untamed,0.17756643627973176
Tom Clancy's Splinter Cell: Blacklist,0.08037281294151427
SD Gundam G Generation-F.I.F,0.06537171945526095
Bishoujo Senshi Sailormoon S: Juugai Rantou!? Shuyaku Soudatsusen,0.08197641297790205
Rubik's World,0.13938827745703788
Zenses: Ocean,0.13938827745703788
Phantasy Star Universe,0.13257567481509228
Peggle: Dual Shot,0.17756643627973176
NPPL: Championship Paintball 2009,0.17756643627973176
Spider-Man: Edge of Time,0.12461871631481604
Cruis'n,0.13938827745703788
Samurai Warriors 4-II,0.06537171945526095
Harukanaru Augusta 2: Masters,0.08197641297790205
Castlevania: Curse of Darkness,0.13257567481509228
SimAnimals Africa,0.13938827745703788
Love Live! School Idol Paradise,0.08197641297790205
Lost Planet 3,0.12461871631481604
Battles of Prince of Persia,0.13938827745703788
The Clique: Diss and Make Up,0.17756643627973176
Mobil 1 Rally Championship,0.12461871631481604
USA Today Crossword Challenge,0.17756643627973176
King of Colosseum (Red): Shin Nippon x Zen Nippon x Pancrase Disc,0.08197641297790205
Turok: Evolution,0.12461871631481604
Charm Girls Club: My Perfect Prom,0.17756643627973176
Marvel Trading Card Game,0.17756643627973176
Rugrats: Totally Angelica,0.12461871631481604
Nightshade,0.12461871631481604
Brunswick Pro Bowling,0.17756643627973176
CSI: Crime Scene Investigation,0.13257567481509228
Wipeout 2,0.17756643627973176
LEGO Batman 2: DC Super Heroes,0.08037281294151427
Ultimate Puzzle Games: Sudoku Edition,0.17756643627973176
Buffy the Vampire Slayer: Chaos Bleeds,0.13257567481509228
Onechanbara: Bikini Zombie Slayers,0.17756643627973176
Hanagumi Taisen Columns,0.08197641297790205
Tropico 5,0.08037281294151427
Tales of Destiny 2,0.08197641297790205
Teenage Mutant Ninja Turtles 3: Mutant Nightmare,0.13257567481509228
Reality Fighters,0.07573580710826644
Petz Fantasy: Moonlight Magic,0.17756643627973176
The Price is Right: Decades,0.17756643627973176
Power Pro Kun Pocket 14,0.08197641297790205
Dragon Ball: Origins,0.12461871631481604
Jikkyou Powerful Pro Baseball 2016,0.08197641297790205
FIFA 17,0.08931643091788713
After Hours Athletes,0.08037281294151427
UN Squadron,0.08197641297790205
Tecmo Super Bowl,0.12461871631481604
Disney Princess: Enchanting Storybooks,0.12461871631481604
Dora the Explorer: Journey to the Purple Planet,0.13257567481509228
Lunar 2: Eternal Blue,0.08197641297790205
NHL Powerplay '96,0.12461871631481604
Thousand Arms,0.12461871631481604
Arctic Thunder,0.13257567481509228
Barnyard,0.13257567481509228
2 in 1 Combo Pack: Sonic Heroes / Super Monkey Ball Deluxe,0.13257567481509228
Stolen Song,0.06537171945526095
Armored Core: Verdict Day,0.08197641297790205
Yattaman DS: BikkuriDokkiri Daisakusen da Koron,0.08197641297790205
Madden NFL 17,0.12461871631481604
Harvey Birdman: Attorney at Law,0.12461871631481604
My Chinese Coach,0.13938827745703788
Lost in Shadow,0.13257567481509228
DEATH NOTE: Kira Game,0.08197641297790205
Legend of the Guardians: The Owls of Ga'Hoole,0.13938827745703788
Sengoku Cyber: Fujimaru Jigokuhen,0.06537171945526095
Hisshou Pachinko*Pachi-Slot Kouryaku Series Vol.10: CR Shinseiki Evangelion: Kiseki no Kachi,0.08197641297790205
ASH: Archaic Sealed Heat,0.08197641297790205
DreamWorks Super Star Kartz,0.12461871631481604
Dorabase 2: Nettou Ultra Stadium,0.08197641297790205
Where the Wild Things Are,0.17756643627973176
Center Ring Boxing,0.08197641297790205
NHL 2K3,0.13257567481509228
Die Hard: Vendetta,0.13257567481509228
F1 2002,0.06537171945526095
Every Extend Extra,0.13938827745703788
FIFA Soccer,0.17756643627973176
Cabela's North American Adventures,0.17756643627973176
Darkspore,0.12461871631481604
Self-Defense Training Camp,0.12461871631481604
Sphinx and the Cursed Mummy,0.13257567481509228
Midnight Mysteries: The Edgar Allan Poe Conspiracy,0.12461871631481604
Dynasty Warriors 8: Xtreme Legends,0.06537171945526095
GT Advance 2: Rally Racing,0.12461871631481604
Yakuza,0.06537171945526095
Karaoke Revolution Presents American Idol Encore 2,0.17756643627973176
Deception IV: Blood Ties,0.06537171945526095
DOA 2: Dead or Alive 2 Hardcore,0.06537171945526095
Tenchu: Shadow Assassins,0.06537171945526095
Fuse (Insomniac),0.12461871631481604
Cabela's Deer Hunt 2005 Season,0.13257567481509228
SplashDown,0.13257567481509228
18 Wheels of Steel: Extreme Trucker 2,0.12461871631481604
Nobunaga no Yabou: Tenshoki,0.06537171945526095
F1 Racing Championship,0.12461871631481604
Dead Man's Hand,0.13257567481509228
Smash Cars,0.12461871631481604
NASCAR 07,0.12461871631481604
Merv Griffin's Crosswords,0.17756643627973176
Tecmo Bowl: Kickoff,0.17756643627973176
Lost Horizon,0.08037281294151427
SingStar Latino,0.17756643627973176
NFL Tour,0.13938827745703788
Digimon World 4,0.12461871631481604
MLB 2K9 Fantasy All-Stars,0.12461871631481604
Spectral Force 3,0.12461871631481604
Ford Racing 3,0.12461871631481604
MLB SlugFest Loaded,0.12461871631481604
Sotsugyou Crossworld,0.06537171945526095
Ty the Tasmanian Tiger 3: Night of the Quinkan,0.12461871631481604
The Amazing Spider-Man (Console Version),0.06537171945526095
Ys I & II Chronicles,0.06537171945526095
R: Racing Evolution,0.12461871631481604
Bionicle,0.12461871631481604
The Ant Bully,0.12461871631481604
Risen 3: Titan Lords,0.08037281294151427
Bleach GC: Tasogare Ni Mamieru Shinigami,0.06537171945526095
Chou Jigen Game Neptune Mk-II,0.06537171945526095
Battle Fantasia,0.12461871631481604
Jikkyou Powerful Pro Yakyuu 2000 Ketteiban,0.06537171945526095
Karaoke Revolution,0.12461871631481604
Fire Pro Wrestling Returns,0.06537171945526095
Obscure: The Aftermath,0.06537171945526095
Jimmy Neutron: Boy Genius,0.12461871631481604
Henry Hatsworth in the Puzzling Adventure,0.12461871631481604
Derby Stallion,0.06537171945526095
Rollcage Stage II,0.06537171945526095
Samurai Warriors 2: Xtreme Legends,0.06537171945526095
Dead or Alive 5,0.06537171945526095
Karaoke Joysound Wii DX,0.06537171945526095
Sloane to MacHale no Nazo no Monogatari 2,0.06537171945526095
Game Hits!,0.12461871631481604
Spider-Man: Edge of Time,0.12461871631481604
Tabi no Yubisashi Kaiwachou DS: DS Series 4 America,0.06537171945526095
Invasion From Beyond,0.06537171945526095
Jumper: Griffin's Story,0.12461871631481604
Forgotten Realms: Demon Stone,0.12461871631481604
Major League Baseball 2K7,0.12461871631481604
Rock Band 3,0.12461871631481604
LEGO Star Wars II: The Original Trilogy,0.12461871631481604
Dynasty Warriors 8: Empires,0.06537171945526095
Batman: A Telltale Game Series,0.07573580710826644
Tim Burton's The Nightmare Before Christmas: Oogie's Revenge,0.12461871631481604
Mahjong Master,0.06537171945526095
Crash Boom Bang!,0.12461871631481604
Royal Palace of White Sword and The City of Gentiles,0.12461871631481604
Top Gear Rally,0.12461871631481604
Red Faction: Armageddon,0.06537171945526095
BIT.TRIP COMPLETE,0.12461871631481604
L: the proLogue to DEATH NOTE - Rasen no Wana,0.06537171945526095
Rugby 15,0.07573580710826644
Famicom Mini: Makaimura,0.06537171945526095
The Witch and the Hundred Knight,0.06537171945526095
XIII,0.12461871631481604
Kuroko's Basketball: Ties to Future,0.06537171945526095
Data East Arcade Classics,0.12461871631481604
Ski and Shoot,0.06537171945526095
The Incredibles: Rise of the Underminer,0.12461871631481604
Theme Hospital,0.06537171945526095
Inazuma Eleven 3,0.08037281294151427
Wizardry: Tale of the Forsaken Land,0.06537171945526095
ShellShock 2: Blood Trails,0.06537171945526095
Just Dance Wii U,0.06537171945526095
F.E.A.R. Files,0.12461871631481604
ChuChu Rocket!,0.12461871631481604
FIFA 12,0.06537171945526095
Codename Tenka,0.06537171945526095
Savage Skies,0.06537171945526095
Indianapolis 500 Legends,0.12461871631481604
Sega Bass Fishing,0.06537171945526095
Walt Disney's The Jungle Book: Rhythm N'Groove,0.06537171945526095
Assassin's Creed Chronicles,0.07573580710826644
The Smurfs 2,0.06537171945526095
Lara Croft and the Temple of Osiris,0.08037281294151427
Million God,0.06537171945526095
Cyberia,0.06537171945526095
The Sims 2: Apartment Life,0.08037281294151427
Killer7,0.06537171945526095
Age of Mythology,0.08037281294151427
Busy Scissors,0.12461871631481604
Lost Heroes,0.06537171945526095
Astro Boy,0.06537171945526095
RollerCoaster Tycoon 3: Platinum,0.08037281294151427
SD Gundam G Generation Genesis,0.06537171945526095
Wacky World of Sports,0.12461871631481604
Puss in Boots,0.12461871631481604
Monster House,0.12461871631481604
Wing Commander IV: The Price of Freedom,0.06537171945526095
Cloudy With a Chance of Meatballs,0.12461871631481604
Charlotte's Web,0.12461871631481604
MetropolisMania,0.06537171945526095
Mystery Stories: Curse of the Ancient Spirits,0.06537171945526095
Shin Megami Tensei: Devil Summoner - Raidou Kuzunoha vs. The Soulless Army,0.06537171945526095
Bomberman Land Touch!,0.06537171945526095
Monster Jam: Urban Assault,0.12461871631481604
My Make-Up,0.12461871631481604
50 Cent: Bulletproof,0.12461871631481604
Princess Maker 2,0.06537171945526095
NCAA Football 08,0.12461871631481604
SRS: Street Racing Syndicate,0.12461871631481604
Ephemeral Fantasia,0.06537171945526095
1 vs. 100,0.12461871631481604
Winter Sports 2: The Next Challenge,0.06537171945526095
Destroy All Humans! Path of the Furon,0.08037281294151427
Major League Baseball 2K9,0.12461871631481604
Aibou DS,0.06537171945526095
Great Party Games,0.08037281294151427
Tokimeki Memorial: Taisen Pazurudama,0.06537171945526095
Beat Sketch!,0.06537171945526095
Bleach: Heat the Soul 5,0.06537171945526095
Koudelka,0.06537171945526095
Animal Planet: Emergency Vets,0.12461871631481604
IHRA Drag Racing: Sportsman Edition,0.06537171945526095
Virtua Fighter CG Portrait Series Vol.2: Jacky Bryant,0.06537171945526095
Famicom Mini: Famicom Mukashi Banashi - Shin Oniga Shima Zenkouhen,0.06537171945526095
Counter-Strike: Source,0.08037281294151427
Puzzle Chronicles,0.12461871631481604
Ski-Doo Snowmobile Challenge,0.12461871631481604
Gray Matter,0.07573580710826644
Brain Voyage,0.12461871631481604
America's Army: True Soldiers,0.12461871631481604
Adventure Time: Finn & Jake Investigations,0.07573580710826644
Toukiden 2,0.06537171945526095
Raiden Fighters Aces,0.12461871631481604
My Stop Smoking Coach: Allen Carr's EasyWay,0.12461871631481604
SD Gundam G Generation Genesis,0.06537171945526095
NASCAR The Game: Inside Line,0.12461871631481604
Star Wars: Empire at War,0.08037281294151427
Pachitte Chonmage Tatsujin 13: Pachinko Hissatsu Shigotojin III,0.06537171945526095
BlazBlue Central Fiction,0.06537171945526095
Wreckin Crew,0.06537171945526095
Theme Park,0.06537171945526095
Famicom Mini: Mario Bros.,0.06537171945526095
RockMan EXE 4.5 Real Operation,0.06537171945526095
Rescue Heroes: Billy Blazes,0.12461871631481604
Jaws: Ultimate Predator,0.12461871631481604
Are You Smarter Than a 5th Grader? Back to School,0.12461871631481604
Sega GT Online,0.12461871631481604
SingStar: Made In Germany,0.08037281294151427
Derby Tsuku: Derby Uma o Tsukurou!,0.06537171945526095
Frantix,0.12461871631481604
Knights in the Nightmare,0.12461871631481604
SeaWorld Adventure Parks: Shamu's Deep Sea Adventure,0.12461871631481604
Marvel Nemesis: Rise of the Imperfects,0.12461871631481604
Prisoner of War,0.12461871631481604
Konami Classics Vol. 1,0.12461871631481604
Princess Isabella: A Witch's Curse,0.06537171945526095
S.C.A.R.S,0.06537171945526095
The King of Fighters '98: Dream Match Never Ends,0.06537171945526095
The Seven Deadly Sins: Unjust Sin,0.06537171945526095
ESPN NFL Primetime 2002,0.06537171945526095
Zoids: Legacy,0.12461871631481604
Kidou Senshi Gundam 00,0.06537171945526095
Nano Assault,0.12461871631481604
Captain America: Super Soldier,0.06537171945526095
Onimusha Tactics,0.12461871631481604
Bomberman Jetters,0.12461871631481604
Nikoli's Pencil Puzzle,0.06537171945526095
TOCA Race Driver 3,0.06537171945526095
Mad Dog McCree: Gunslinger Pack,0.12461871631481604
Deadliest Catch: Sea of Chaos,0.12461871631481604
Pac-Man Power Pack,0.06537171945526095
How to Train Your Dragon 2,0.07573580710826644
Blacksite: Area 51,0.12461871631481604
Disney's Donald Duck: Goin' Quackers,0.06537171945526095
Ultimate Brain Games,0.12461871631481604
Charm Girls Club: My Fashion Show,0.12461871631481604
Angry Birds Star Wars,0.06537171945526095
Exit,0.12461871631481604
Armorines: Project S.W.A.R.M.,0.06537171945526095
Gundam Seed: Battle Assault,0.12461871631481604
Harvey Birdman: Attorney at Law,0.12461871631481604
Chibi Maruko-Chan: Harikiri 365-Nichi no Maki,0.06537171945526095
The Voice,0.12461871631481604
SaGa 3: Jikuu no Hasha - Shadow or Light,0.06537171945526095
Thomas & Friends: Hero of the Rails,0.08037281294151427
The Secret Saturdays: Beasts of the 5th Sun,0.12461871631481604
Wonder World Amusement Park,0.12461871631481604
Famicom Mini: Adventure Island,0.06537171945526095
Aliens versus Predator: Extinction,0.12461871631481604
Bejeweled 3,0.07573580710826644
RTX Red Rock,0.06537171945526095
Tokimeki Memorial: Girl's Side,0.06537171945526095
FIFA Street 2,0.12461871631481604
Smart Bomb,0.12461871631481604
Edna & Harvey: Harvey's New Eyes,0.08037281294151427
Shining Force: Resurrection of the Dark Dragon,0.12461871631481604
Shining Soul II,0.12461871631481604
Orega Kantoku Da! Gekitou Pennant Race,0.06537171945526095
Guilty Gear XX Accent Core Plus,0.06537171945526095
The Golf Club,0.06537171945526095
Hello Kitty: Roller Rescue,0.12461871631481604
Jikkyou Powerful Pro Yakyuu 12,0.06537171945526095
Metal Slug Advance,0.12461871631481604
Pac-Man World Rally,0.12461871631481604
Gradius Galaxies,0.12461871631481604
Blazing Angels: Squadrons of WWII,0.12461871631481604
God Eater Resurrection,0.06537171945526095
Mortal Kombat Kollection,0.06537171945526095
NHL 2K7,0.12461871631481604
LEGO Soccer Mania,0.06537171945526095
Blades of Blood: Samurai Shodown III,0.06537171945526095
MotoGP 14,0.06537171945526095
Gundam the 3D Battle,0.06537171945526095
Air Conflicts: Secret Wars,0.12461871631481604
Face Racers: Photo Finish,0.12461871631481604
Miami Nights: Singles in the City,0.12461871631481604
Shovel Knight,0.06537171945526095
Godzilla Generations,0.06537171945526095
Strider 2,0.06537171945526095
Forbidden Siren 2,0.06537171945526095
Board Game Classics,0.12461871631481604
Invizimals: The Alliance,0.08037281294151427
Midnight Play! Pack,0.12461871631481604
Junior Mystery Quest,0.12461871631481604
Death Jr. and the Science Fair of Doom,0.12461871631481604
101-in-1 Sports Megamix,0.12461871631481604
Shin Megami Tensei: Digital Devil Saga 2,0.06537171945526095
Pro Evolution Soccer 2013,0.08037281294151427
Transformers: Devastation,0.06537171945526095
Playmobil Pirates,0.12461871631481604
Zatch Bell! Mamodo Battles,0.06537171945526095
The Penguins of Madagascar: Dr. Blowhole Returns - Again!,0.06537171945526095
Wildlife Park 3,0.08037281294151427
Get Fit with Mel B,0.06537171945526095
Battleborn,0.06537171945526095
Dream Day: Wedding Destinations,0.12461871631481604
Agatha Christie: Evil Under the Sun,0.12461871631481604
Cloudy With a Chance of Meatballs,0.12461871631481604
Iron Man / X-O Manowar in Heavy Metal,0.06537171945526095
Kamen Rider: Travelers Senki,0.06537171945526095
Derby Stallion 98,0.06537171945526095
Pimp My Ride: Street Racing,0.06537171945526095
Pretty Rhythm: My Deco Rainbow Wedding,0.06537171945526095
Robotron X,0.06537171945526095
Naruto Shippuden: Shinobi Rumble,0.06537171945526095
Martian Panic,0.12461871631481604
J-League Winning Eleven 2009: Club Championship,0.06537171945526095
Don King Boxing,0.12461871631481604
Build 'n Race,0.12461871631481604
Grand Prix Challenge,0.06537171945526095
Meitantei Conan & Kindaichi Shounen no Jikenbou: Meguri au Futari no Meitantei,0.06537171945526095
Guilty Gear Xrd -Revelator-,0.06537171945526095
FIFA Soccer 2005,0.12461871631481604
PoPoLoCrois (JP sales),0.06537171945526095
ShellShock 2: Blood Trails,0.06537171945526095
Ken to Mahou to Gakuen Mono. 2,0.06537171945526095
Mega Man Legacy Collection,0.12461871631481604
Knights Contract,0.06537171945526095
Kaijuu Busters Powered,0.06537171945526095
NHL 06,0.12461871631481604
The Spiderwick Chronicles,0.12461871631481604
Initial D: Extreme Stage,0.06537171945526095
Pinobee: Wings of Adventure,0.12461871631481604
Touch Mechanic,0.12461871631481604
State of Emergency 2,0.06537171945526095
Sushi Academy,0.12461871631481604
Gintama Gin-Oh Quest: Gin-San ga Tenshoku Shitari Sekai wo Sukuttari,0.06537171945526095
One Piece: Romance Dawn - Bouken no Yoake,0.06537171945526095
I Am In The Movie,0.06537171945526095
Fatal Frame III: The Tormented,0.06537171945526095
Zero: Tsukihami no Kamen,0.06537171945526095
Seven Samurai 20XX,0.06537171945526095
Generator Rex: Agent of Providence,0.12461871631481604
Adventure Time: The Secret of the Nameless Kingdom,0.08037281294151427
Risen 3: Titan Lords,0.07573580710826644
"Hisshou Pachinko*Pachi-Slot Kouryaku Series DS Vol. 2: Shinseiki Evangelion - Shito, Futatabi",0.06537171945526095
Transformers: Devastation,0.12461871631481604
Jikkyou Powerful Pro Yakyuu 15,0.06537171945526095
Tornado Outbreak,0.12461871631481604
Ninjabread Man,0.12461871631481604
Tom Clancy's Splinter Cell: Pandora Tomorrow,0.12461871631481604
DanceDanceRevolution,0.12461871631481604
Battlefield 2,0.08037281294151427
Slayers Royal,0.06537171945526095
Swingerz Golf,0.12461871631481604
Pro Evolution Soccer 2008 (JP sales),0.06537171945526095
Murder in Venice,0.06537171945526095
Titanfall 2,0.06537171945526095
Persona 4: Arena Ultimax,0.12461871631481604
Supremacy MMA,0.06537171945526095
Pretty Rhythm Rainbow Live: Kira Kira My * Design,0.06537171945526095
The King of Fighters 2006,0.06537171945526095
The Hidden,0.12461871631481604
Nobunaga's Ambition: Rise to Power,0.06537171945526095
FIFA Soccer 2003,0.12461871631481604
DaGeDar,0.12461871631481604
Little League World Series Baseball 2010,0.12461871631481604
Outlaw Golf,0.12461871631481604
Steins;Gate: Hiyoku Renri no Darling,0.06537171945526095
Major League Baseball 2K11,0.12461871631481604
King's Field (Japan),0.06537171945526095
Slam 'n Jam '96 featuring Magic & Kareem,0.06537171945526095
Petz: Dogz Family,0.06537171945526095
My English Coach: Para Hispanoparlantes,0.12461871631481604
ToraDora Portable!,0.06537171945526095
The Italian Job,0.12461871631481604
Smuggler's Run: Warzones,0.12461871631481604
SafeCracker: The Ultimate Puzzle Adventure,0.12461871631481604
Warriors Orochi 3 Hyper,0.06537171945526095
Diva Girls: Divas on Ice,0.12461871631481604
NBA 10: The Inside,0.12461871631481604
Kaidan Restaurant: Ura Menu 100-Sen,0.06537171945526095
Qubed,0.12461871631481604
R/C Stunt Copter,0.06537171945526095
Yamakawa Shuppansha Kanshuu: Shousetsu Sekaishi B,0.06537171945526095
Cartoon Network: Punch Time Explosion XL,0.12461871631481604
Final Fantasy VI,0.06537171945526095
PAC-MAN and the Ghostly Adventures,0.06537171945526095
WSC Real 11: World Snooker Championship,0.08037281294151427
Pop'n Music,0.12461871631481604
Jikkyou Powerful Major League 2009,0.06537171945526095
Space Channel 5 Special Edition,0.06537171945526095
The Legend of Alon D'ar,0.06537171945526095
Uta no Prince-Sama: All Star After Secret,0.06537171945526095
The Sims 3: Fast Lane Stuff,0.07573580710826644
Black/Matrix,0.06537171945526095
My Friends,0.12461871631481604
Big Mutha Truckers,0.12461871631481604
Man vs. Wild,0.12461871631481604
The King of Fighters '96,0.06537171945526095
Legend of the Guardians: The Owls of Ga'Hoole,0.12461871631481604
Super Robot Taisen OG Saga: Endless Frontier,0.12461871631481604
Sniper: Ghost Warrior 2,0.07573580710826644
Samurai Shodown Sen,0.12461871631481604
NHL Breakaway 99,0.12461871631481604
Tony Hawk's Pro Skater 3,0.12461871631481604
Iggy's Reckin' Balls,0.12461871631481604
The Space Bar,0.06537171945526095
Bust-A-Move 2 Arcade Edition,0.12461871631481604
Knife Edge: NoseGunner,0.12461871631481604
Wetrix,0.12461871631481604
EyeCreate,0.08037281294151427
Samurai Western,0.06537171945526095
Looney Tunes: Acme Arsenal,0.12461871631481604
Line Rider 2: Unbound,0.12461871631481604
Princess in Love,0.12461871631481604
Harry Potter and the Sorcerer's Stone,0.12461871631481604
High Heat Major League Baseball 2004,0.12461871631481604
TimeSplitters: Future Perfect,0.12461871631481604
Pro Cycling Manager 2016,0.08037281294151427
Sports Collection,0.12461871631481604
Captain Tsubasa: New Kick Off,0.06537171945526095
Puzzler Mind Gym 3D,0.12461871631481604
"Warhammer 40,000: Dawn of War II - Retribution",0.08037281294151427
Kenshuui Tendo Dokuta,0.06537171945526095
Super Sentai Battle: Ranger Cross,0.06537171945526095
The Sims 2: Ikea Home Stuff,0.08037281294151427
AKB1/149: Love Election,0.06537171945526095
Pilot ni Narou! 2,0.06537171945526095
Gradius III and IV,0.06537171945526095
Ken to Mahou to Gakuen Mono. Final: Shinnyusei wa Ohimesama,0.06537171945526095
Sherlock Holmes: Crimes & Punishments,0.06537171945526095
Incredible Crisis,0.06537171945526095
Midway Arcade Treasures 3,0.12461871631481604
SingStar Apres-Ski Party 2,0.08037281294151427
Samurai Shodown III,0.06537171945526095
The King of Fighters EX2: Howling Blood,0.12461871631481604
Cabela's North American Adventures,0.06537171945526095
Akiba's Trip Plus,0.06537171945526095
Famicom Mini: SD Gundam World Gachapon Senshi - Scramble Wars,0.06537171945526095
Little League World Series Baseball: Double Play,0.12461871631481604
Kobitodzukan: Kobito no Fushigi - Jikken Set,0.06537171945526095
Bakugan: Rise of the Resistance,0.06537171945526095
Ice Age 2: The Meltdown,0.12461871631481604
Famicom Mini: Star Soldier,0.06537171945526095
Sentimental Graffiti 2,0.06537171945526095
Shonen Jump's One Piece: Pirates Carnival,0.12461871631481604
The Bachelor: The Videogame,0.12461871631481604
Goblin Commander: Unleash the Horde,0.12461871631481604
Doraemon: Nobita and the Island of Miracles,0.06537171945526095
Gekijouban Madoka Magicka: The Battle Pentagram,0.06537171945526095
Sentimental Graffiti: First Window,0.06537171945526095
Cartoon Network Collection: Game Boy Advance Video Volume 2,0.12461871631481604
Knights Contract,0.06537171945526095
Tempest 3X,0.06537171945526095
Hidden Invasion,0.06537171945526095
A-Train,0.06537171945526095
Get Fit with Mel B,0.08037281294151427
Disney's Meet the Robinsons,0.12461871631481604
Superman: Shadow of Apokolips,0.12461871631481604
Pony Friends 2,0.06537171945526095
Armored Core 3 Portable,0.06537171945526095
PAC-MAN and the Ghostly Adventures,0.06537171945526095
Bleach: Erabareshi Tamashii,0.06537171945526095
Sengoku Musou 3: Moushouden,0.06537171945526095
Witches & Vampires: The Secrets of Ashburry,0.06537171945526095
Batman: Dark Tomorrow,0.12461871631481604
Pac-Man and the Ghostly Adventures 2,0.06537171945526095
Crush,0.12461871631481604
Discovery Kids: Spider Quest,0.12461871631481604
Yuu Yuu Hakusho: Makyo Toitsusen,0.06537171945526095
The First Templar,0.12461871631481604
Rock Revolution,0.12461871631481604
Ogre Battle Series: Tactics Ogre,0.06537171945526095
Ultimate Card Games DS,0.12461871631481604
Jillian Michaels Fitness Ultimatum 2010,0.12461871631481604
Battlestar Galactica,0.12461871631481604
Fireblade,0.12461871631481604
Earth Defense Force 2017,0.06537171945526095
Tomb Raider: Legend,0.12461871631481604
Boxing Fever,0.12461871631481604
RoadKill,0.12461871631481604
The $1 Pyramid,0.12461871631481604
Game of Thrones,0.08037281294151427
From Russia With Love,0.12461871631481604
UEFA Euro 2016,0.06537171945526095
7 Wonders of the Ancient World,0.12461871631481604
Gintama: Gin-San to Issho! Boku no Kabuki Machi Nikki,0.06537171945526095
Lost Dimension,0.06537171945526095
Indycar Series 2005,0.12461871631481604
Resident Evil 6,0.12461871631481604
Final Fantasy XI: Vana'diel Collection 2008,0.06537171945526095
Assassin's Creed: Rogue,0.06537171945526095
Taz Wanted,0.12461871631481604
Drama Queens,0.12461871631481604
Wordfish,0.12461871631481604
Tomb Raider: Underworld,0.08037281294151427
Penny Racers Party: Turbo-Q Speedway,0.12461871631481604
Skydiving Extreme,0.06537171945526095
Evil Dead: Regeneration,0.12461871631481604
Evolution Worlds,0.12461871631481604
Far Cry Vengeance,0.12461871631481604
Petz Fantasy: Sunshine Magic,0.12461871631481604
Code Lyoko: Fall of X.A.N.A.,0.12461871631481604
Worms: A Space Oddity,0.12461871631481604
Motto! Stitch! DS Rhythm de Rakugaki Daisakusen,0.06537171945526095
Rapala Pro Bass Fishing 2010,0.06537171945526095
Dungeon Travelers 2: The Royal Library & The Monster Seal,0.06537171945526095
MLB Front Office Manager,0.12461871631481604
Sub Rebellion,0.06537171945526095
Horrid Henry's Horrid Adventure,0.08037281294151427
X Rebirth,0.08037281294151427
Striker 96,0.06537171945526095
Pocket Dogs,0.12461871631481604
Tokimeki Memorial 4,0.06537171945526095
Bleach: Heat the Soul 4,0.06537171945526095
Song of the Deep,0.12461871631481604
Dragon's Dogma Online,0.06537171945526095
Real Robots Final Attack,0.06537171945526095
New International Track & Field,0.12461871631481604
World Series of Poker 2008: Battle for the Bracelets,0.12461871631481604
P.N.03 - Product Number Three,0.12461871631481604
Boku no Natsuyasumi 3: Hokkoku Hen: Chiisana Boku no Dai Sougen‚Äã,0.06537171945526095
Ape Escape: Pumped & Primed,0.06537171945526095
Super Monkey Ball Adventure,0.06537171945526095
Monster Trucks DS,0.12461871631481604
FabStyle,0.06537171945526095
Outlaw Tennis,0.06537171945526095
Medabots Dual: Kabuto / Kuwagata,0.06537171945526095
Happy Feet Two,0.12461871631481604
Adventure Time: Explore the Dungeon Because I Don't Know!,0.06537171945526095
LEGO Soccer Mania,0.12461871631481604
Worms: Open Warfare,0.06537171945526095
Resident Evil Zero,0.06537171945526095
Gadget Racers,0.06537171945526095
Phantasy Star Online Episode III: C.A.R.D. Revolution,0.12461871631481604
Assassin's Creed The Ezio Collection,0.06537171945526095
ZhuZhu Babies,0.12461871631481604
Bleach: Heat the Soul 7,0.06537171945526095
Nanashi no Game,0.06537171945526095
Diego's Build & Rescue,0.12461871631481604
Auto Destruct,0.06537171945526095
Ultimate Ghosts 'n Goblins,0.12461871631481604
Samurai Warriors 2,0.12461871631481604
TrackMania DS,0.12461871631481604
Dangerous Ji-San to 1000-nin no Otomodachi Yokoshima,0.06537171945526095
GOTHA: Ismailia Seneki,0.06537171945526095
Ultimate Fighting Championship: Throwdown,0.12461871631481604
Major League Baseball 2K12,0.12461871631481604
Zoo Tycoon (2013),0.08037281294151427
Silent Hunter III,0.08037281294151427
Alien Syndrome,0.12461871631481604
Deep Fear,0.06537171945526095
Skeleton Warriors,0.06537171945526095
Ford vs. Chevy,0.12461871631481604
Endgame,0.06537171945526095
The Dukes of Hazzard: Return of the General Lee,0.12461871631481604
Criminal Girls: Invite Only,0.06537171945526095
Ultimate Duck Hunting,0.12461871631481604
Just Dance: Disney Party 2,0.12461871631481604
Dreamer Series: Shop Owner,0.12461871631481604
Virus,0.06537171945526095
Jikkyou Powerful Pro Yakyuu Next,0.06537171945526095
The Sims 3: Barnacle Bay,0.12461871631481604
WWE Crush Hour,0.12461871631481604
Metal Gear Solid V: The Phantom Pain,0.08037281294151427
Dragon Shadow Spell,0.06537171945526095
Dragon Slayer: The Legend of Heroes,0.06537171945526095
Sound Novel Tsukuru,0.06537171945526095
The Idolm@ster,0.06537171945526095
Momotarou Dentetsu 11,0.06537171945526095
NHL Hitz 20-03,0.12461871631481604
Adventure Time: Finn & Jake Investigations,0.07573580710826644
Guilty Gear XX Slash,0.06537171945526095
C.O.P.: The Recruit,0.06537171945526095
Mission Runway,0.12461871631481604
Urban Reign,0.06537171945526095
Super Robot Taisen Z Special Disc,0.06537171945526095
Slayers Royal 2,0.06537171945526095
Cate West: The Vanishing Files,0.12461871631481604
Soul Bubbles,0.06537171945526095
Resident Evil 3: Nemesis,0.12461871631481604
All-Star Baseball 2004,0.12461871631481604
Bangai-O Spirits,0.12461871631481604
Valentino Rossi: The Game,0.07573580710826644
Ultimate Party Challenge,0.12461871631481604
Team Elimination Games,0.12461871631481604
Whac-A-Mole,0.12461871631481604
Samurai Warriors Chronicles 3,0.06537171945526095
Winter Stars,0.07573580710826644
Dawn of Heroes,0.12461871631481604
Lost in Blue: Shipwrecked,0.12461871631481604
Salon Superstar,0.12461871631481604
Scooby-Doo! Who's Watching Who?,0.12461871631481604
Madden NFL 08,0.12461871631481604
Aliens in the Attic,0.12461871631481604
Ro-Kyu-Bu!,0.06537171945526095
Frogger Beyond,0.12461871631481604
Katekyoo Hitman Reborn! DS: Flame Rumble Kaien Ring Soudatsuen!,0.06537171945526095
World Championship Poker: Deluxe Series,0.12461871631481604
Stuart Little 3: Big Photo Adventure,0.06537171945526095
"Ni Hao, Kai-lan: Super Game Day",0.06537171945526095
Serious Sam 3: BFE,0.07573580710826644
Ultimate Shooting Collection,0.12461871631481604
Pro Yakyuu Famista DS 2010,0.06537171945526095
Katekyoo Hitman Reborn! DS: Flame Rumble Hyper - Moeyo Mirai,0.06537171945526095
Captain Tsubasa,0.06537171945526095
Infernal: Hell's Vengeance,0.12461871631481604
Pitfall: The Lost Expedition,0.12461871631481604
No One Can Stop Mr. Domino!,0.06537171945526095
Man vs. Wild,0.12461871631481604
GT Advance 3: Pro Concept Racing,0.06537171945526095
Duke Nukem: Land of the Babes,0.06537171945526095
Majin Tensei,0.06537171945526095
Yoru no Nai Kuni,0.06537171945526095
Dragon Force II: Kamisarishi Daichi ni,0.06537171945526095
Monkey Hero,0.06537171945526095
Sumikko Gurashi: Mura o Tsukurundesu,0.06537171945526095
Puchi Puchi Virus,0.12461871631481604
Krazy Ivan,0.06537171945526095
Need For Speed: Undercover,0.08037281294151427
Quo Vadis,0.06537171945526095
Need for Speed: Most Wanted,0.08037281294151427
PQ: Practical Intelligence Quotient,0.12461871631481604
The Wolf Among Us,0.06537171945526095
Fate/Tiger Colosseum,0.06537171945526095
SCORE International Baja 1000: The Official Game,0.12461871631481604
10 Minute Solution,0.12461871631481604
Dragon Ball Z: The Legacy of Goku I & II,0.06537171945526095
Family Game Night 4: The Game Show,0.12461871631481604
R: Racing Evolution,0.12461871631481604
Romance of the Three Kingdoms 13,0.06537171945526095
Zero Escape: Zero Time Dilemma,0.06537171945526095
Stella Deus: The Gate of Eternity,0.06537171945526095
Vietcong: Purple Haze,0.12461871631481604
Conflict: Desert Storm,0.12461871631481604
One Piece: Gear Spirit,0.06537171945526095
Tales of Fandom Vol.2,0.06537171945526095
Genkai Totsuki Moero Chronicle,0.06537171945526095
Minna no Joushiki Ryoku TV,0.06537171945526095
P.T.O. IV: Pacific Theater of Operations,0.06537171945526095
Bella Sara,0.06537171945526095
Tears to Tiara: Garland of the Earth,0.06537171945526095
The Penguins of Madagascar: Dr. Blowhole Returns - Again!,0.06537171945526095
Backyard NBA Basketball,0.12461871631481604
Mind Quiz: Your Brain Coach,0.06537171945526095
Elebits: The Adventures of Kai and Zero,0.12461871631481604
Aikatsu! My No.1 Stage!,0.06537171945526095
Codename: Kids Next Door: Operation S.O.D.A.,0.06537171945526095
Far Cry Instincts Evolution,0.12461871631481604
Pinball Hall of Fame: The Gottlieb Collection,0.12461871631481604
Conception: Please Give Birth to My Child!,0.06537171945526095
Rayman Origins,0.08037281294151427
Medal of Honor: Underground,0.06537171945526095
Super Football,0.12461871631481604
The Idolmaster: Gravure For You! Vol. 3,0.06537171945526095
Cosmic Family,0.12461871631481604
Scooby-Doo! Unmasked,0.12461871631481604
Yoru no Nai Kuni,0.06537171945526095
Driven,0.12461871631481604
Dynasty Warriors 3,0.12461871631481604
Tennis no Oji-Sama Gyutto! DokiDoki Survival - Umi to Yama no Love Passion,0.06537171945526095
Nicola Kanshuu: Model Oshare * Audition Platina,0.06537171945526095
Jimmie Johnson's Anything With an Engine,0.12461871631481604
MTV Music Generator 3: This Is the Remix,0.12461871631481604
Fairy Tail: Portable Guild 2,0.06537171945526095
Party Pigs: Farmyard Games,0.12461871631481604
Imagine: My Restaurant,0.08037281294151427
Grand Ages: Medieval,0.07573580710826644
Wizardry: Llylgamyn Saga,0.06537171945526095
Supremacy MMA,0.06537171945526095
Kinnikuman Muscle Grand Prix Max 2: Tokumori,0.06537171945526095
Gale Racer,0.06537171945526095
In The Groove,0.06537171945526095
The Legend of Kage 2,0.12461871631481604
Myst,0.06537171945526095
World Tour Soccer 06,0.12461871631481604
Baroque,0.12461871631481604
Lost Dimension,0.06537171945526095
Killer Instinct (2013),0.06537171945526095
AKB1/149: Love Election,0.06537171945526095
Naruto Shippuden: Gekito Ninja Taisen! EX 3,0.06537171945526095
Boku no Natsuyasumi Portable 2: Nazo Nazo Shimai to Chinbotsusen no Himitsu,0.06537171945526095
Magic Pengel: The Quest for Color,0.06537171945526095
Super Baseball,0.12461871631481604
Kenka Banchou 6: Soul & Blood,0.06537171945526095
Jikkyou Powerful Pro Yakyuu 2011 Ketteiban,0.06537171945526095
Kung Fu Panda: Legendary Warriors,0.12461871631481604
Formula One World Championship: Beyond the Limit,0.06537171945526095
Medabots 8,0.06537171945526095
Divinity: Original Sin,0.06537171945526095
Little League World Series Baseball: Double Play,0.12461871631481604
Hakuouki DS,0.06537171945526095
Buster Bros. Collection,0.06537171945526095
Agatha Christie: And Then There Were None,0.12461871631481604
Sony Computer Science Kenkyuujo Mogi Kenichirou Hakase Kanshuu: Nou ni Kaikan Aha Taiken!,0.06537171945526095
Grease Dance,0.06537171945526095
Mega Man Battle Network: Operation Shooting Star,0.06537171945526095
Futurama,0.06537171945526095
Famicom Mini: Hikari Shinwa: Palutena no Kagami,0.06537171945526095
The History Channel: Battle for the Pacific,0.12461871631481604
Animal Kingdom: Wildlife Expedition,0.12461871631481604
Rayman 3: Hoodlum Havoc,0.12461871631481604
Momotarou Dentetsu Tag Match: Yuujou - Doryoku - Shouri no Maki!,0.06537171945526095
Superman Returns,0.12461871631481604
My First Songs,0.08037281294151427
Super Ghouls 'n Ghosts,0.06537171945526095
Boxing,0.06537171945526095
NHL Open Ice,0.06537171945526095
Legend of the Guardians: The Owls of Ga'Hoole,0.12461871631481604
Gundam Battle Tactics,0.06537171945526095
Touch Detective: Nameko Shigeru,0.06537171945526095
Need for Speed Underground 2,0.08037281294151427
Sky Gunner,0.06537171945526095
And1 Streetball,0.12461871631481604
Gladius,0.12461871631481604
The Hustle: Detroit Streets,0.12461871631481604
PhotoKano,0.06537171945526095
Warriors Orochi 3,0.06537171945526095
Real Sound: Kaze no Riguretto,0.06537171945526095
Blood Drive,0.12461871631481604
Again,0.12461871631481604
Soccer Tsuku: Pro Soccer Club o Tsukurou!,0.06537171945526095
Summon Night 4,0.06537171945526095
Escape Dead Island,0.06537171945526095
Torchlight,0.08037281294151427
Pac-Man World 3,0.12461871631481604
Rogue Trooper: Quartz Zone Massacre,0.12461871631481604
Hero Bank,0.06537171945526095
Disney's Planes,0.06537171945526095
Winx Club,0.06537171945526095
World Party Games,0.12461871631481604
Classic Road,0.06537171945526095
Cartoon Network: Punch Time Explosion XL,0.12461871631481604
Utawarerumono: Itsuwari no Kamen,0.06537171945526095
Damage Inc.: Pacific Squadron WWII,0.12461871631481604
My Fun Facts Coach,0.12461871631481604
The Idolm@ster: Live for You!,0.06537171945526095
Tokimeki Memorial Girl's Side Premium: 3rd Story,0.06537171945526095
Smashing Drive,0.12461871631481604
Open Season,0.12461871631481604
Mega Man Xtreme,0.06537171945526095
America's Next Top Model,0.12461871631481604
Bomberman Max 2: Red Advance,0.06537171945526095
F.E.A.R. 2: Project Origin,0.07573580710826644
Margot's Word Brain,0.12461871631481604
Toy Soldiers: War Chest,0.12461871631481604
Godai: Elemental Force,0.06537171945526095
Chronicles of Mystery: The Secret Tree of Life,0.06537171945526095
Still Life,0.06537171945526095
Big Mutha Truckers 2,0.06537171945526095
Hang On GP,0.06537171945526095
Uprising X,0.06537171945526095
SpongeBob's Truth or Square,0.06537171945526095
Mega Man Xtreme 2,0.06537171945526095
"Sesame Street: Ready, Set, Grover!",0.12461871631481604
I-Ninja,0.06537171945526095
Sigma Harmonics,0.06537171945526095
Gunblade NY & L.A. Machineguns Arcade Hits Pack,0.12461871631481604
The Lord of the Rings: The Battle for Middle-Earth,0.08037281294151427
Kessen III,0.06537171945526095
Learn Geography,0.12461871631481604
Harlem Globetrotters: World Tour,0.12461871631481604
The King of Fighters Collection: The Orochi Saga,0.12461871631481604
Summon Night,0.06537171945526095
Aero Elite: Combat Academy,0.06537171945526095
"3 in 1: Solitaire, Mahjong & Tangram",0.08037281294151427
Wrath Unleashed,0.06537171945526095
Beyond Good & Evil,0.12461871631481604
Divinity II: Ego Draconis,0.07573580710826644
Pong / Asteroids / Yars' Revenge,0.06537171945526095
Commandos 2: Men of Courage,0.06537171945526095
Emergency 2012,0.06537171945526095
Winter Sports 2: The Next Challenge,0.12461871631481604
NO√´L: La Neige,0.06537171945526095
Busou Shinki: Battle Masters,0.06537171945526095
Overlord: Minions,0.12461871631481604
Roll Away,0.06537171945526095
Derby Jockey: Kishou e no Michi,0.06537171945526095
Fairy Fencer F: Advent Dark Force,0.06537171945526095
Harukanaru Toki no Naka de 4,0.06537171945526095
Roogoo Attack!,0.12461871631481604
Maximum Chase,0.06537171945526095
Prey the Stars,0.12461871631481604
Winning Post 7 2012,0.06537171945526095
Spot Goes to Hollywood,0.06537171945526095
G Darius,0.06537171945526095
Mucha Lucha! Mascaritas of the Lost Code,0.06537171945526095
SD Gundam: Gashapon Wars,0.06537171945526095
Alvin and the Chipmunks,0.06537171945526095
Hearts of Iron III,0.06537171945526095
Picture Perfect Hair Salon,0.12461871631481604
River King: Mystic Valley (US sales),0.12461871631481604
Kengo: Legend of The 9,0.12461871631481604
Romance of the Three Kingdoms XI,0.06537171945526095
Hammerin' Hero,0.12461871631481604
Model * Oshare Audition: Dream Girl,0.06537171945526095
Lupin Sansei: Shijou Saidai no Zunousen,0.06537171945526095
Dark Souls III,0.08037281294151427
Petz Fantasy 3D,0.12461871631481604
WRC 2: FIA World Rally Championship,0.08037281294151427
Archer Maclean's 3D Pool,0.06537171945526095
Tak: The Great Juju Challenge,0.06537171945526095
TMNT: Mutant Melee,0.12461871631481604
Combat: Task Force 121,0.06537171945526095
Winning Eleven Playmaker 2010: Aoki Samurai no Chousen,0.06537171945526095
Goosebumps HorrorLand,0.06537171945526095
Exhibition Volume 4,0.06537171945526095
Viewpoint,0.06537171945526095
Code Geass: Hangyaku no Lelouch - Lost Colors,0.06537171945526095
Disney's Donald Duck Advance,0.06537171945526095
Stacked with Daniel Negreanu,0.06537171945526095
Hakuouki: Yuugi Roku,0.06537171945526095
The Rub Rabbits!,0.06537171945526095
Rapala Pro Bass Fishing 2010,0.12461871631481604
Let's Ride! Friends Forever,0.12461871631481604
Circus Maximus: Chariot Wars,0.06537171945526095
Squishy Tank,0.12461871631481604
Dungeon Maker II: The Hidden War,0.12461871631481604
Discovery Kids: Parrot Pals,0.12461871631481604
Kenyuu Densetsu Yaiba,0.06537171945526095
Kidou Senshi Gundam: Giren no Yabou - Axis no Kyoui V,0.06537171945526095
Kidou Senshi Gundam: Giren no Yabou - Axis no Kyoui V,0.06537171945526095
Elements of Destruction,0.12461871631481604
Serious Sam: Next Encounter,0.06537171945526095
Eiken DS,0.06537171945526095
Game Center CX: Arino no Chousenjou 2,0.06537171945526095
Tom Clancy's Ghost Recon 2,0.12461871631481604
E.X. Troopers,0.06537171945526095
The Croods: Prehistoric Party!,0.07573580710826644
J Legend Retsuden,0.06537171945526095
SpongeBob's Truth or Square,0.06537171945526095
Port Royale 3,0.12461871631481604
Monster Racers,0.06537171945526095
The King of Fighters: Evolution,0.06537171945526095
DS Uranai Seikatsu,0.06537171945526095
Hyperdimension Neptunia Re;Birth 3,0.06537171945526095
Pro Farm 1,0.08037281294151427
Pitfall: The Lost Expedition,0.06537171945526095
Rock Band Country Track Pack 2,0.12461871631481604
Speed Zone,0.07573580710826644
All-Star Baseball 2004,0.06537171945526095
Cho~ricchi! Tamagotchi no Puchi Puchi Omisecchi,0.06537171945526095
Jewel Time Deluxe,0.06537171945526095
James Cameron's Dark Angel,0.06537171945526095
The Legend of Heroes: Trails in the Sky Third Chapter,0.06537171945526095
Aqua Teen Hunger Force: Zombie Ninja Pro-Am,0.06537171945526095
Hannspree Ten Kate Honda: SBK Superbike World Championship,0.06537171945526095
Generator Rex: Agent of Providence,0.06537171945526095
Alexi Lalas International Soccer,0.06537171945526095
Dream Trigger 3D,0.06537171945526095
Monster Rancher Battle Card: Episode II,0.06537171945526095
NCAA College Football 2K3,0.06537171945526095
Karaoke Revolution Party,0.06537171945526095
Crayola: Colorful Journey,0.12461871631481604
Itoi Shigesato no Bass Tsuri No. 1 Ketteihan!,0.06537171945526095
Jumper: Griffin's Story,0.06537171945526095
Operation Darkness,0.12461871631481604
Emily the Strange: Strangerous,0.06537171945526095
Famicom Mini: Nazo no Murasame-Jou,0.06537171945526095
Galerians: Ash,0.06537171945526095
Dead Island: Riptide,0.08037281294151427
Jimmie Johnson's Anything With an Engine,0.12461871631481604
R-Type Command,0.06537171945526095
Yoostar on MTV,0.12461871631481604
Just Dance: Disney Party 2,0.06537171945526095
Kane & Lynch 2: Dog Days,0.08037281294151427
Haunting Ground,0.06537171945526095
Mahjong Fight Club DS: Wi-Fi Taiou,0.06537171945526095
"Hi! Hamtaro - Little Hamsters,big Adventures: Ham-Ham Challenge",0.12461871631481604
Grand Kingdom,0.06537171945526095
Robocalypse,0.12461871631481604
Vampire Knight DS,0.06537171945526095
Disney Sports Skateboarding,0.06537171945526095
Homie Rollerz,0.12461871631481604
Let's Paint,0.12461871631481604
Rugby League 3,0.08037281294151427
Magi: The Labyrinth of Beginning,0.06537171945526095
Escape Dead Island,0.06537171945526095
Tom Clancy's Splinter Cell: Chaos Theory,0.12461871631481604
The Croods: Prehistoric Party!,0.06537171945526095
I Don't Have Many Friends Portable,0.06537171945526095
SimCity 4: Deluxe Edition,0.08037281294151427
Jewel Link Chronicles: Legend of Athena,0.08037281294151427
CSI: Dark Motives,0.06537171945526095
Burnout Paradise: The Ultimate Box,0.07573580710826644
Loons: The Fight For Fame,0.06537171945526095
Romance of the Three Kingdoms IX,0.06537171945526095
Second Sight,0.06537171945526095
Metal Gear Solid,0.06537171945526095
The Legend of Heroes: Trails in the Sky First Chapter,0.06537171945526095
Totaled!,0.06537171945526095
Bleach: Heat the Soul 3,0.06537171945526095
Ecco: The Tides of Time,0.06537171945526095
Make 10: A Journey of Numbers,0.06537171945526095
Fantasy Aquarium by DS,0.12461871631481604
Rock Band Track Pack: Classic Rock,0.12461871631481604
Operation Flashpoint: Red River,0.06537171945526095
Machine Head,0.06537171945526095
Vanguard Bandits,0.06537171945526095
MLB Front Office Manager,0.12461871631481604
Lost Heroes,0.06537171945526095
Vampire Legends: Power of Three,0.12461871631481604
Child of Light,0.06537171945526095
The Legend of Heroes VII: The Trail of Zero,0.06537171945526095
Shin Chan Contra ¬°Los Plastas!,0.06537171945526095
Haikyuu!! Tsunage! Itadaki no Keshiki!!,0.06537171945526095
Silent Hill: Origins,0.06537171945526095
Blast Radius,0.06537171945526095
ESPN National Hockey Night,0.06537171945526095
Tornado,0.12461871631481604
Cut the Rope,0.12461871631481604
Resident Evil: Revelations 2,0.06537171945526095
Pro Yaky? Spirits 2011,0.06537171945526095
Taz Wanted,0.06537171945526095
Disaster: Day of Crisis,0.06537171945526095
Shounen Sunday x Shounen Magazine: Nettou! Dream Nine,0.06537171945526095
Harry Potter and the Sorcerer's Stone,0.06537171945526095
McFarlane's Evil Prophecy,0.06537171945526095
IA/VT Colorful,0.06537171945526095
We Sing Rock!,0.08037281294151427
Wallace & Gromit in Project Zoo,0.06537171945526095
Shadowgate 64: Trials of the Four Towers,0.12461871631481604
Super Robot Spirits,0.06537171945526095
Mia Hamm Soccer 64,0.12461871631481604
John Madden Football,0.06537171945526095
Caesars Palace Advance: Millennium Gold Edition,0.06537171945526095
Aero Gauge,0.12461871631481604
Battlezone: Rise of the Black Dogs,0.12461871631481604
Teenage Mutant Ninja Turtles: Tournament Fighters,0.06537171945526095
Moxie Girlz,0.12461871631481604
Damnation,0.12461871631481604
Samurai Warriors,0.06537171945526095
GunParade Orchestra: Shiro no Shou,0.06537171945526095
Rec Room Games,0.12461871631481604
Zettai Zetsumei Toshi 3: Kowareyuku Machi to Kanojyo no Uta,0.06537171945526095
FIFA Soccer 2004,0.06537171945526095
Super Robot Taisen OG Saga: Masou Kishin III - Pride of Justice,0.06537171945526095
Record of Agarest War,0.06537171945526095
SNK Arcade Classics Vol. 1,0.12461871631481604
Dave Mirra BMX Challenge,0.12461871631481604
Rayman 3: Hoodlum Havoc,0.06537171945526095
Tony Hawk's Pro Skater 5,0.12461871631481604
Tales of Rebirth,0.06537171945526095
The Guy Game,0.06537171945526095
Let's Ride! Dreamer,0.06537171945526095
Fantasia: Music Evolved,0.12461871631481604
Tecmo's Deception,0.06537171945526095
Point Blank DS (JP sales),0.06537171945526095
Ghost in the Shell: Stand Alone Complex,0.12461871631481604
G-Saviour,0.06537171945526095
Open Season,0.12461871631481604
Gintama DS: Yorozuya Daisoudou,0.06537171945526095
Drake of the 99 Dragons,0.06537171945526095
Dave Mirra BMX Challenge,0.12461871631481604
BlazBlue: Chrono Phantasma,0.06537171945526095
Crayon Shin-Chan: Obaka Daininden - Susume! Kasukabe Ninja Tai!,0.06537171945526095
Crimson Sea 2,0.06537171945526095
Tokyo Twilight Ghost Hunters,0.06537171945526095
Higurashi no Nakukoru ni Kizuna: Dai-Ichi-Kan - Tatari,0.06537171945526095
Doraemon: Nobita to Himitsu Dougu Hakubutsukan,0.06537171945526095
Ragnarok: Hikari to Yami no Koujo,0.06537171945526095
Saint Seiya: Brave Soldiers,0.06537171945526095
Earth Defense Force 2: Invaders from Planet Space,0.06537171945526095
Digimon World Championship,0.06537171945526095
AMF Bowling Pinbusters!,0.12461871631481604
RayStorm,0.06537171945526095
Disney's Winnie the Pooh's Rumbly Tumbly Adventure,0.06537171945526095
Dynasty Warriors 8: Empires,0.06537171945526095
Trick DS-han: Kakushi Kami no Sumukan,0.06537171945526095
Circuit Breakers,0.06537171945526095
Winter Sports 2011,0.08037281294151427
futureU: The Prep Game for SAT,0.12461871631481604
Catwoman,0.06537171945526095
Colosseum: Road to Freedom,0.06537171945526095
Tank! Tank! Tank!,0.06537171945526095
Football Manager 2010,0.08037281294151427
Target: Terror,0.12461871631481604
Mugen Souls Z,0.06537171945526095
BeatMania,0.06537171945526095
Sprint Cars: Road to Knoxville,0.06537171945526095
Guilty Gear Xrd -Revelator-,0.06537171945526095
Crayon Shin-Chan: Densetsu o Yobu Omake no To Shukkugaan!,0.06537171945526095
Shrek's Carnival Craze Party Games,0.06537171945526095
Dream Dance & Cheer,0.12461871631481604
Silpheed: The Lost Planet,0.06537171945526095
Billy's Boot Camp: Wii de Enjoy Diet!,0.06537171945526095
Real Time Conflict: Shogun Empires,0.12461871631481604
Spartan: Total Warrior,0.06537171945526095
Pitfall: The Lost Expedition,0.06537171945526095
Hoppechan: Minna de Odekake! Waku Waku Hoppe Land!!,0.06537171945526095
Fantastic Four,0.06537171945526095
Yamaha Supercross,0.06537171945526095
Petz: Hamsterz Bunch,0.12461871631481604
Higurashi no Naku Koro ni Matsuri: Kakera Asobi,0.06537171945526095
River City Ransom EX,0.06537171945526095
Bionicle Heroes,0.06537171945526095
San Goku Shi Taisen Ten,0.06537171945526095
Ant Nation,0.12461871631481604
Fable: The Lost Chapters,0.07573580710826644
Fairy Tail: Zelef Kakusei,0.06537171945526095
Strike Point,0.06537171945526095
Crazy Taxi 2,0.06537171945526095
The Sims 2: Seasons,0.06537171945526095
Dragon Slayer: The Legend of Heroes,0.06537171945526095
Street Fighter II': Special Champion Edition (JP weekly sales),0.06537171945526095
Pizza Delivery Boy,0.12461871631481604
Tom and Jerry in War of the Whiskers,0.06537171945526095
Keroro RPG: Kishi to Musha to Densetsu no Kaizoku,0.06537171945526095
Famicom Mini: Wrecking Crew,0.06537171945526095
Suzumiya Haruhi no Gekidou,0.06537171945526095
Lost Heroes 2,0.06537171945526095
Heavenly Guardian,0.12461871631481604
Dynasty Warriors DS: Fighter's Battle,0.06537171945526095
The Testament of Sherlock Holmes,0.08037281294151427
Space Hulk: Vengeance of the Blood Angels,0.06537171945526095
Robot Alchemic Drive,0.06537171945526095
Alpha and Omega,0.12461871631481604
Motor Toon Grand Prix (Japan),0.06537171945526095
Dino Master: Dig Discover Duel,0.12461871631481604
Ken to Mahou to Gakuen Mono. 3,0.06537171945526095
Tomb Raider: Legend,0.06537171945526095
Warhammer: Battle For Atluma,0.12461871631481604
Hikaru no Go: Heian Gensou Ibunroku,0.06537171945526095
Eagle Flight,0.07573580710826644
Operation: Vietnam,0.12461871631481604
Samurai Shodown,0.06537171945526095
OverBlood 2,0.06537171945526095
Fighter Maker 2,0.06537171945526095
Lifeline,0.06537171945526095
Judie no Atelier: Guramnat no Renkinjutsushi,0.06537171945526095
Dragon Valor,0.06537171945526095
Tokyo Beat Down,0.12461871631481604
NHL 2005,0.06537171945526095
Midway Arcade Treasures 3,0.06537171945526095
Microsoft Flight Simulator 2004: A Century of Flight,0.08037281294151427
"Horrid Henry: The Good, The Bad and The Bugly",0.08037281294151427
Firefighter F.D.18,0.06537171945526095
Anubis II,0.12461871631481604
Goodbye Deponia,0.08037281294151427
Pro Yaky? Spirits 2014,0.06537171945526095
Legend of Kay,0.06537171945526095
Cartoon Network: Punch Time Explosion XL,0.12461871631481604
DS Nishimura Kyotaro Suspense 2 Shin Tantei Series: Kanazawa Hakodate - Gokkan no Kyoukoku - Fukushuu no Kage,0.06537171945526095
The Book of Unwritten Tales 2,0.08037281294151427
Ultimate Board Game Collection,0.12461871631481604
Mega Man X4,0.06537171945526095
Jackass the Game DS,0.12461871631481604
Jake Power: Handyman,0.12461871631481604
My Dress-Up,0.12461871631481604
Power Pro GB,0.06537171945526095
Beat City,0.12461871631481604
Sudoku Fever,0.06537171945526095
Inversion,0.06537171945526095
The Putter Golf,0.06537171945526095
Ultimate Marvel vs. Capcom 3,0.06537171945526095
The Powerpuff Girls: Relish Rampage,0.06537171945526095
Super Real Mahjong Graffiti,0.06537171945526095
Future Card Buddy Fight: Yuujou no Bakunetsu Fight,0.06537171945526095
Ninja Warriors,0.06537171945526095
Army Men: RTS,0.06537171945526095
Classic Action: Devilish,0.12461871631481604
Zettai Onkan Otoda Master,0.06537171945526095
Assassin's Creed Chronicles,0.06537171945526095
Dragoneer's Aria,0.06537171945526095
Xbox Live Arcade Unplugged Volume 1,0.06537171945526095
TigerShark,0.06537171945526095
Major League Baseball 2K10,0.12461871631481604
Norse by Norsewest: The Return of the Lost Vikings,0.06537171945526095
N+,0.12461871631481604
Titanic Mystery,0.06537171945526095
Backyard NFL Football '09,0.12461871631481604
Obscure,0.06537171945526095
Sega Soccer Slam,0.06537171945526095
Katekyoo Hitman Reborn! DS: Fate of Heat - Hono no Unmei,0.06537171945526095
Shin Lucky * Star: Moe Drill ~Tabidachi~,0.06537171945526095
DefCon 5,0.06537171945526095
Secret Service: Ultimate Sacrifice,0.06537171945526095
Transformer: Rise of the Dark Spark (3DS),0.06537171945526095
Deep Labyrinth,0.12461871631481604
Nichibeikan Pro Yakyuu: Final League,0.06537171945526095
Spawn: Armageddon,0.06537171945526095
God Hand,0.06537171945526095
Shin Chan: Las Nuevas Aventuras Para Wii!,0.06537171945526095
Junior Classic Books & Fairytales,0.06537171945526095
Legends of Wrestling II,0.06537171945526095
Fatal Fury: Battle Archives Volume 2,0.06537171945526095
Mario Tennis,0.08037281294151427
Jurassic Park: Operation Genesis,0.06537171945526095
FIFA Soccer 06,0.06537171945526095
Freddi Fish: Kelp Seed Mystery,0.12461871631481604
RedCard 20-03,0.06537171945526095
Brothers in Arms: Furious 4,0.07573580710826644
Future Tactics: The Uprising,0.06537171945526095
Kanji Sonomama DS Rakubiki Jiten,0.06537171945526095
Driver: Parallel Lines,0.06537171945526095
Hyperdimension Neptunia Victory,0.06537171945526095
everGirl,0.06537171945526095
Heroes Phantasia,0.06537171945526095
Top Gun,0.12461871631481604
Batman: Rise of Sin Tzu,0.06537171945526095
Chuugaku Eitango Target 1800 DS,0.06537171945526095
Sherlock Holmes: Crimes & Punishments,0.06537171945526095
Basketball Hall of Fame Ultimate Hoops Challenge,0.12461871631481604
Dragon Ball Z: Battle of Z,0.07573580710826644
World Racing,0.06537171945526095
Resident Evil 5,0.06537171945526095
X-Men: The Official Game,0.06537171945526095
Disney's Party,0.06537171945526095
Generator Rex: Agent of Providence,0.06537171945526095
Storybook Workshop,0.12461871631481604
Command & Conquer 3: Tiberium Wars,0.08037281294151427
Card Games,0.06537171945526095
Tropix,0.12461871631481604
Mega Man: Battle & Chase,0.06537171945526095
Winning Post 7 2010,0.06537171945526095
Build-A-Bear Workshop: Friendship Valley,0.12461871631481604
Pipe Mania,0.12461871631481604
Daniel X: The Ultimate Power,0.12461871631481604
Destrega,0.06537171945526095
Fantasy Aquarium World,0.12461871631481604
Nobunaga no Yabou: Tendou with Power-Up Kit,0.06537171945526095
The Final Round,0.06537171945526095
MAPLUS: Portable Navi,0.06537171945526095
Rayman Arena,0.06537171945526095
Order Up!!,0.06537171945526095
Reader Rabbit 1st Grade,0.12461871631481604
The King of Fighters 02/03,0.06537171945526095
Port Royale 3,0.12461871631481604
Army Men: Green Rogue,0.06537171945526095
Centipede / Breakout / Warlords,0.06537171945526095
Lucian Bee's: Justice Yellow / Evil Violet,0.06537171945526095
Sly 2: Band of Thieves,0.07573580710826644
Armored Core: Nine Breaker,0.06537171945526095
Doraemon: Nobita no Shin Makai Daibouken DS,0.06537171945526095
Terraria,0.07573580710826644
Cabela's Big Game Hunter 2005 Adventures,0.06537171945526095
Worms 3D,0.06537171945526095
BlazBlue: Chrono Phantasma Extend,0.06537171945526095
TRON: Evolution,0.12461871631481604
Pac-Man and the Ghostly Adventures 2,0.06537171945526095
Dark Souls,0.08037281294151427
National Geographic Challenge!,0.12461871631481604
Gambler Densetsu Tetsuya,0.06537171945526095
The Guided Fate Paradox,0.06537171945526095
Mayhem 3D,0.12461871631481604
Bleach: Hanatareshi Yabou,0.06537171945526095
Karaoke Revolution Party,0.06537171945526095
Alex Rider: Stormbreaker,0.12461871631481604
Yoake Yori Ruriiro na: Brighter than Dawning Blue,0.06537171945526095
Carol Vorderman's Sudoku,0.06537171945526095
Pandemonium 2,0.06537171945526095
Gundam Try Age SP,0.06537171945526095
WipEout HD Fury,0.07573580710826644
Fallout: Brotherhood of Steel,0.06537171945526095
Dreamer Series: Pop Star,0.06537171945526095
Penguins of Madagascar,0.08037281294151427
12-Sai. Honto no Kimochi,0.06537171945526095
Parlor! Mini 2,0.06537171945526095
"Flower, Sun, and Rain",0.12461871631481604
Gunstar Super Heroes,0.06537171945526095
C: The Contra Adventure,0.06537171945526095
Interactive Storybook DS Series 1,0.12461871631481604
Frogger Advance: The Great Quest,0.06537171945526095
Cities XL 2012,0.07573580710826644
Worms Forts: Under Siege,0.06537171945526095
Dream C Club,0.06537171945526095
Pocky & Rocky with Becky,0.06537171945526095
The Tale of Despereaux,0.12461871631481604
Jam Sessions 2,0.12461871631481604
Full Spectrum Warrior: Ten Hammers,0.06537171945526095
Streets of Rage 3,0.06537171945526095
Just Dance: Disney Party 2,0.06537171945526095
Natural Doctrine,0.06537171945526095
Hasbro Family Game Night Fun Pack,0.12461871631481604
Pro Yaky? Spirits 4,0.06537171945526095
Prince of Persia: The Fallen King,0.12461871631481604
My Horse & Me: Riding for Gold,0.06537171945526095
Speed Racer,0.06537171945526095
NHL Hitz Pro,0.06537171945526095
Cardfight!! Vanguard: Lock On Victory!!,0.06537171945526095
Broken Sword 5: The Serpent's Curse,0.08037281294151427
Alan Wake,0.08037281294151427
Atelier Meruru: Alchemist of Arland 3,0.06537171945526095
Hot Wheels: Burnin' Rubber,0.06537171945526095
Lost in Blue 2,0.06537171945526095
Ojyousama Express,0.06537171945526095
Risen 3: Titan Lords,0.06537171945526095
Steambot Chronicles: Battle Tournament,0.06537171945526095
Wings of War,0.06537171945526095
187: Ride or Die,0.06537171945526095
RPG Maker 3,0.06537171945526095
Zatch Bell! Mamodo Battles,0.06537171945526095
Genkai Tokki Monster Monpiece,0.06537171945526095
Desert Strike Advance,0.06537171945526095
Kabuki Warriors,0.06537171945526095
Discworld,0.06537171945526095
Motion Explosion!,0.06537171945526095
World Poker Tour,0.06537171945526095
Age of Empires III: The Asian Dynasties,0.07573580710826644
Elite Forces: Unit 77,0.12461871631481604
IL-2 Sturmovik: Birds of Prey,0.12461871631481604
Moshi Monsters: Katsuma Unleashed,0.06537171945526095
Pirates: The Legend of Black Kat,0.06537171945526095
July,0.06537171945526095
Crime Lab: Body of Evidence,0.06537171945526095
Disney's Chicken Little: Ace In Action,0.12461871631481604
ESPN Winter X-Games: Snowboarding 2002,0.06537171945526095
Bleach: Versus Crusade,0.06537171945526095
Kanon,0.06537171945526095
NanoBreaker,0.06537171945526095
You Don't Know Jack,0.12461871631481604
Bionicle,0.06537171945526095
GRID 2,0.08037281294151427
Cabela's Trophy Bucks,0.12461871631481604
Cosmos Chaos!,0.12461871631481604
Guitar Freaks 3rdMIX & DrumMania 2ndMIX,0.06537171945526095
Taiko no Tatsujin: Atsumete Tomodachi Daisakusen!,0.06537171945526095
Criminal Girls: Invite Only,0.06537171945526095
Miami Vice: The Game,0.12461871631481604
Samurai Warriors Chronicles 3,0.06537171945526095
BMX XXX,0.06537171945526095
Disney's Magical Quest 2 Starring Mickey and Minnie,0.06537171945526095
Bullet Girls,0.06537171945526095
One Piece: Unlimited World Red,0.06537171945526095
Aggressive Inline,0.06537171945526095
Ikki Tousen: Xross Impact,0.06537171945526095
Smart Boy's Toys Club,0.12461871631481604
Insecticide,0.12461871631481604
Super Mahjong 2: Honkaku 4Jin Uchi,0.06537171945526095
XGRA: Extreme G Racing Association,0.06537171945526095
Mitsukete! Keroro Gunsou: Machigai Sagashi Daisakusen de Arimasu!,0.06537171945526095
Family Trainer: Treasure Adventure,0.07573580710826644
Pop'n Music Portable 2,0.06537171945526095
Kamen Rider: Dragon Knight,0.12461871631481604
Darksiders II,0.06537171945526095
Ys vs. Sora no Kiseki: Alternative Saga,0.06537171945526095
Naruto: Ultimate Ninja Heroes (JP sales),0.06537171945526095
Akagawa Jirou Mystery: Yasoukyoku - Hon ni Manekareta Satsujin,0.06537171945526095
Ray Tracers,0.06537171945526095
Mario vs. Donkey Kong: Tipping Stars,0.06537171945526095
Tournament of Legends,0.06537171945526095
Frogger: Helmet Chaos,0.12461871631481604
Escape from Bug Island,0.06537171945526095
Nicola Kanshuu: Model * Oshare Audition,0.06537171945526095
Hisshou Pachinko*Pachi-Slot Kouryaku Series Vol. 14: CR Shinseiki Evangelion: Saigo no Mono,0.06537171945526095
Cold Stone Creamery: Scoop It Up,0.12461871631481604
My Pet Shop,0.12461871631481604
James Bond 007: Blood Stone,0.06537171945526095
Kururin Paradise,0.06537171945526095
Gradius Collection,0.06537171945526095
Kiniro no Corda 2,0.06537171945526095
Dynasty Warriors Vs,0.06537171945526095
Fist of the North Star: Ken's Rage 2,0.06537171945526095
Gallop Racer 2004,0.06537171945526095
Sunrise Eiyuutan R,0.06537171945526095
Rayman: Hoodlum's Revenge,0.06537171945526095
Mobile Suit Gundam Seed: Never Ending Tomorrow,0.06537171945526095
F1 2001,0.06537171945526095
Utawarerumono: Futari no Hakuoro,0.06537171945526095
Fishing Master (jp sales),0.06537171945526095
OK! Puzzle Stars,0.08037281294151427
Zill O'll Infinite Plus,0.06537171945526095
Tonka Rescue Patrol,0.06537171945526095
GunGriffon II,0.06537171945526095
Crimson Gem Saga,0.12461871631481604
Monster Tale,0.12461871631481604
Legend of the Dragon,0.12461871631481604
Cel Damage,0.06537171945526095
Backyard Hockey,0.12461871631481604
Famicom Mini: Balloon Fight,0.06537171945526095
Steins;Gate: Senkei Kousoku no Phonogram,0.06537171945526095
Seaman 2: Peking Genjin Ikusei Kit,0.06537171945526095
Chou Gekijouban Keroro Gunsou 3: Tenkuu Daibouken de Arimasu!,0.06537171945526095
Sprung - A Game Where Everyone Scores,0.12461871631481604
Mirror's Edge Catalyst,0.07573580710826644
The Pinball of the Dead,0.06537171945526095
Growlanser IV: Over Reloaded,0.06537171945526095
Arc the Lad: End of Darkness,0.06537171945526095
The King of Route 66,0.06537171945526095
Tom Clancy's Splinter Cell: Pandora Tomorrow,0.06537171945526095
Western Riding Academy,0.12461871631481604
Bubble Bobble also featuring Rainbow Islands,0.06537171945526095
Intellivision Lives!,0.06537171945526095
Tokobot,0.12461871631481604
Monster Madness: Grave Danger,0.06537171945526095
Panzer Tactics,0.12461871631481604
Pro Yaky? Spirits 2013,0.06537171945526095
Robotica,0.06537171945526095
Super Robot Wars OG: The Moon Dwellers,0.06537171945526095
Deathrow: Underground Team Combat,0.06537171945526095
The Amazing Spider-Man 2 (2014),0.06537171945526095
Paws & Claws: Marine Rescue,0.12461871631481604
Land of the Dead: Road to Fiddler's Green,0.06537171945526095
Odin Sphere: Leifthrasir,0.06537171945526095
R-Types,0.06537171945526095
Star Fighter,0.06537171945526095
Game Center CX: 3-Choume no Arino,0.06537171945526095
Assetto Corsa,0.07573580710826644
NHL 2K9,0.12461871631481604
Kuukan * Zukei: Hirameki Training - KuuTore,0.06537171945526095
Osu! Tatakae! Ouendan,0.06537171945526095
Dissidia: Final Fantasy Universal Tuning,0.06537171945526095
Fast Food Panic,0.12461871631481604
"Warhammer 40,000: Squad Command",0.06537171945526095
Johnny Test,0.12461871631481604
One Piece: Burning Blood,0.06537171945526095
TrackMania Turbo,0.06537171945526095
Pro Evolution Soccer 2015,0.08037281294151427
Jewels of the Ages,0.06537171945526095
Meitantei Conan: Aoki Houseki no Rinbukyoku,0.06537171945526095
The Legend of Heroes: Trails in the Sky Second Chapter,0.06537171945526095
Zero Escape: Zero Time Dilemma,0.06537171945526095
Bionicle Heroes,0.12461871631481604
Mystic Heroes,0.06537171945526095
Tron 2.0: Killer App,0.06537171945526095
Jurassic Park III: Park Builder,0.06537171945526095
Unchained Blades,0.06537171945526095
NHL Legacy,0.12461871631481604
Rurouni Kenshin: Meiji Kenkaku Romantan Saisen,0.06537171945526095
Santa Claus Is Comin' to Town!,0.12461871631481604
Disney Infinity 2.0: Marvel Super Heroes,0.07573580710826644
Octomania,0.12461871631481604
Godzilla (2014),0.06537171945526095
Code Geass: Hangyaku no Lelouch - Lost Colors,0.06537171945526095
Showtime Championship Boxing,0.12461871631481604
LEGO Bionicle,0.06537171945526095
Ansatsu Kyoushitsu: Assassin Ikusei Keikaku!!,0.06537171945526095
Power Shovel,0.06537171945526095
Bomberman Land,0.12461871631481604
A llI S.V.: A Ressha de Gyoukou 3 Super Version,0.06537171945526095
My Pet Chimp,0.12461871631481604
Generator Rex: Agent of Providence,0.06537171945526095
Chrysler Classic Racing,0.12461871631481604
Spy Games: Elevator Mission,0.12461871631481604
The Book of Unwritten Tales: The Critter Chronicles,0.07573580710826644
Steins;Gate,0.06537171945526095
Nights of Azure,0.06537171945526095
Strike Force Bowling,0.06537171945526095
Age of Empires Online,0.06537171945526095
Earth Defense Force 2017 Portable,0.06537171945526095
Atelier Iris 2: The Azoth Of Destiny,0.06537171945526095
Spy Fox in Dry Cereal,0.12461871631481604
There,0.06537171945526095
Tokimeki no Houkago,0.06537171945526095
Championship Surfer,0.06537171945526095
Zumba Fitness Core,0.08037281294151427
Lego Batman 3: Beyond Gotham,0.08037281294151427
Di-Gata Defenders,0.12461871631481604
Monster Garage,0.06537171945526095
ZhuZhu Pets: Quest for Zhu,0.12461871631481604
Akai Katana Shin,0.06537171945526095
A-Train: City Simulator,0.06537171945526095
Tecmo Classic Arcade,0.06537171945526095
2 Games in 1: Sonic Pinball Party & Columns Crown,0.06537171945526095
Mad Maestro!,0.06537171945526095
Densha De Go! 3 Tsuukinhen,0.06537171945526095
Biker Mice From Mars,0.06537171945526095
From The Abyss,0.12461871631481604
Jewel Quest IV: Heritage,0.07573580710826644
Daito Giken Koushiki Pachi-Slot Simulator: Ossu! Banchou Portable,0.06537171945526095
Sudoku Ball Detective,0.12461871631481604
The LEGO Movie Videogame,0.06537171945526095
DuckTales: Remastered,0.12461871631481604
Giants: Citizen Kabuto,0.06537171945526095
Steins;Gate,0.06537171945526095
Crayon Shin-chan: Arashi o Yobu Kasukabe Eiga Stars!,0.06537171945526095
Star Wars Knights of the Old Republic II: The Sith Lords,0.06537171945526095
MX vs. ATV Supercross,0.06537171945526095
Grand Kingdom,0.06537171945526095
Risen 3: Titan Lords,0.07573580710826644
Guilty Gear XX Accent Core Plus,0.06537171945526095
LEGO Batman: The Videogame,0.06537171945526095
Alone in the Dark,0.06537171945526095
Muppets Party Cruise,0.06537171945526095
Higurashi Daybreak Portable,0.06537171945526095
Shonen Jump's One Piece: Grand Battle,0.06537171945526095
Transformer: Rise of the Dark Spark,0.06537171945526095
Barbie Horse Adventures: Wild Horse Rescue,0.06537171945526095
Blast Lacrosse,0.06537171945526095
Kikou Heidan J-Phoenix,0.06537171945526095
Backyard NFL Football '10,0.06537171945526095
DreamWorks Super Star Kartz,0.06537171945526095
Earth Defense Force 4.1: The Shadow of New Despair,0.06537171945526095
Legend of Kay,0.12461871631481604
Shonen Jump's Shaman King: Legacy of the Spirits - Soaring Hawk/Sprinting Wolf,0.06537171945526095
Bubble Bobble: Old & New,0.06537171945526095
Speed,0.06537171945526095
Naruto Shippuden: Gekito Ninja Taisen! Special,0.06537171945526095
Jissen Pachislot Secrets! Fist of the North Star F - Seikimatsu Kyuuseishu Densetsu,0.06537171945526095
Kekkon: Marriage,0.06537171945526095
KimiKiss,0.06537171945526095
Nicola Kanshuu: Model * Oshare Audition 2,0.06537171945526095
Cold Fear,0.06537171945526095
Imagine: Gymnast,0.06537171945526095
Hisshou Pachinko*Pachi-Slot Kouryaku Series Portable Vol. 1: Shinseiki Evangelion - Tamashii no Kiseki,0.06537171945526095
Challenge Me: Brain Puzzles,0.12461871631481604
Shining Force Feather,0.06537171945526095
The Technomancer,0.06537171945526095
Kurupoto Cool Cool Stars,0.12461871631481604
Attack on Titan (KOEI),0.06537171945526095
Cocoto Kart Racer,0.12461871631481604
Mobile Suit Gundam 00: Gundam Meisters,0.06537171945526095
Imagine: Cheerleader,0.12461871631481604
Nazotoki Battle Tore! Densetsu no Makyuu o Fukkatsu Saseyo!,0.06537171945526095
Theme Park,0.06537171945526095
Call of Cthulhu: Dark Corners of the Earth,0.06537171945526095
The Great Escape,0.06537171945526095
Blur,0.06537171945526095
Super Robot Wars OG Saga Masou Kishin F: Coffin of the End,0.06537171945526095
The Next BIG Thing,0.07573580710826644
Metal Gear Solid: Social Ops,0.06537171945526095
Minna no DS Seminar: Kanpeki Eitango Ryoku,0.06537171945526095
Kirarin * Revolution: Minna de Odorou Furi Furi Debut!,0.06537171945526095
PenPen TriIceLon,0.06537171945526095
Salt Lake 2002,0.06537171945526095
SBK 2011: FIM Superbike World Championship,0.07573580710826644
DropCast,0.12461871631481604
Alien Syndrome,0.06537171945526095
Vexx,0.06537171945526095
Crazy Chicken Tales,0.12461871631481604
Hagane no Renkinjutsushi - Fullmetal Alchemist: Yakusoku no Hi e,0.06537171945526095
Mega Man Battle Network 5: Double Team DS (US sales),0.12461871631481604
Attack on Titan (KOEI),0.06537171945526095
Batman: Rise of Sin Tzu,0.06537171945526095
Secret Files: Tunguska,0.06537171945526095
EverQuest II: Destiny of Velious,0.12461871631481604
Unreal Tournament III,0.07573580710826644
Disney Sports Skateboarding,0.06537171945526095
Summon Night 6: Lost Borders,0.06537171945526095
Summon Night 2,0.06537171945526095
Chou Soujuu Mecha MG,0.06537171945526095
Pro Evolution Soccer 2012,0.06537171945526095
Grey's Anatomy: The Video Game,0.06537171945526095
Terminator 3: The Redemption,0.06537171945526095
Arkanoid DS,0.12461871631481604
Call of Duty 2,0.07573580710826644
Big Bang Mini,0.06537171945526095
Rurouni Kenshin: Meiji Kenyaku Romantan - Kansen,0.06537171945526095
Chevrolet Camaro: Wild Ride,0.12461871631481604
Genkai Tokki: Moero Crystal,0.06537171945526095
Project Setsuna,0.06537171945526095
Serious Sam II,0.06537171945526095
Neon Genesis Evangelion,0.06537171945526095
Song of the Deep,0.06537171945526095
JoJo's Bizarre Adventure: All Star Battle,0.12461871631481604
Digimon All-Star Rumble,0.06537171945526095
The Legend of Heroes VII: The Trail of Blue,0.06537171945526095
MotoGP 10/11,0.07573580710826644
Cabela's Big Game Hunter (2008),0.12461871631481604
Dead Rising 2: Off the Record,0.06537171945526095
Flipnic: Ultimate Pinball,0.06537171945526095
ICO,0.06537171945526095
Eigo de Tabisuru: Little Charo,0.06537171945526095
World Series of Poker 2008: Battle for the Bracelets,0.06537171945526095
NBA Hangtime,0.06537171945526095
Busy Scissors,0.12461871631481604
Dreamer Series: Zoo Keeper,0.12461871631481604
D.C. II P.S.: Da Capo II Plus Situation,0.06537171945526095
The Witcher,0.07573580710826644
Mike Piazza's Strike Zone,0.06537171945526095
Bust-A-Move '99,0.06537171945526095
Star Soldier: Vanishing Earth,0.06537171945526095
Top Gear Hyper-Bike,0.06537171945526095
Brunswick Circuit Pro Bowling,0.06537171945526095
Olympic Hockey 98,0.06537171945526095
CyberTiger,0.06537171945526095
Polaris SnoCross,0.06537171945526095
Penny Racers,0.06537171945526095
S.C.A.R.S,0.06537171945526095
Another Code R: A Journey into Lost Memories,0.06537171945526095
Virtual Chess 64,0.06537171945526095
Marvel Super Heroes,0.06537171945526095
Worms Blast,0.06537171945526095
Atelier Sophie: The Alchemist of the Mysterious Book,0.06537171945526095
Prinny: Can I Really Be The Hero? (US sales),0.12461871631481604
Coded Arms: Contagion,0.06537171945526095
Foster's Home for Imaginary Friends: Imagination Invaders,0.12461871631481604
Smile PreCure! Let's Go! Marchen World,0.06537171945526095
S.T.A.L.K.E.R.: Call of Pripyat,0.07573580710826644
IHRA Professional Drag Racing 2005,0.06537171945526095
Tokyo Xtreme Racer Advance,0.06537171945526095
Doraemon: Nobita no Uchuu Eiyuuki,0.06537171945526095
Disney's Kim Possible: Global Gemini,0.06537171945526095
Rock Blast,0.12461871631481604
I Love Beauty: Hollywood Makeover,0.12461871631481604
A New Beginning,0.07573580710826644
World Cup of Pool,0.12461871631481604
Santa Claus Is Comin' to Town!,0.12461871631481604
Create,0.06537171945526095
MLB Power Pros 2008,0.12461871631481604
Combat Elite: WWII Paratroopers,0.06537171945526095
Power Pro Success Legends,0.06537171945526095
Killer Loop,0.06537171945526095
Cabela's Dangerous Hunts: Ultimate Challenge,0.12461871631481604
Little League World Series Baseball 2008,0.12461871631481604
Worldwide Soccer,0.06537171945526095
Toriko: Gourmet Battle!,0.06537171945526095
Tony Hawk's Pro Skater 5,0.06537171945526095
Showtime Championship Boxing,0.12461871631481604
Commandos: Strike Force,0.06537171945526095
Mobile Suit Gundam: Gundam vs. Zeta Gundam,0.06537171945526095
Puzzler Collection,0.06537171945526095
Rapala Pro Fishing,0.06537171945526095
Guilty Gear X: Advance Edition,0.06537171945526095
Fate/Tiger Colosseum Upper,0.06537171945526095
Zaidan Houjin Nippon Kanji Nouryoku Kentei Kyoukai Kounin: KanKen DS3 Deluxe,0.06537171945526095
Warriors of the Lost Empire,0.06537171945526095
Pop Cutie! Street Fashion Simulation,0.12461871631481604
Ford Racing 3,0.06537171945526095
Culdcept Revolt,0.06537171945526095
Devil's Third,0.06537171945526095
PachiPara 13: Super Umi no Pachi-Pro Fuuunroku,0.06537171945526095
World Soccer Winning Eleven 9 (US sales),0.06537171945526095
Star Trek: Tactical Assault,0.06537171945526095
Oddworld: Munch's Oddysee,0.06537171945526095
Winning Post 4 Maximum,0.06537171945526095
Xiaolin Showdown,0.06537171945526095
Exhibition Volume 5,0.06537171945526095
Record of Lodoss War: Eiyuu Sensou,0.06537171945526095
Pro Yakyuu Netsu Star 2007,0.06537171945526095
Starry ? Sky: In Summer,0.06537171945526095
Klonoa Beach Volleyball,0.06537171945526095
Melty Blood: Actress Again,0.06537171945526095
Mahouka Koukou no Rettousei: Out of Order,0.06537171945526095
3D Lemmings,0.06537171945526095
Hi Hi Puffy AmiYumi: Kaznapped,0.06537171945526095
Broken Sword: The Shadow of the Templars,0.06537171945526095
Resident Evil - Code: Veronica X,0.06537171945526095
Corpse Party: Back to School Edition,0.06537171945526095
Tenchi Muyou! Ryoukouki Gokuraku,0.06537171945526095
Kelly Slater's Pro Surfer,0.06537171945526095
I Am In The Movie,0.06537171945526095
Zoo Tycoon: Complete Collection,0.06537171945526095
Trapt,0.06537171945526095
Splat Renegade Paintball,0.06537171945526095
Lord of Magna: Maiden Heaven,0.06537171945526095
SpongeBob SquarePants: Plankton's Robotic Revenge,0.08037281294151427
Metal Max 4: Gekkou no Diva,0.06537171945526095
Magi: Aratanaru Sekai,0.06537171945526095
Worms 3D,0.06537171945526095
Playmobil Knights,0.06537171945526095
MXGP 2,0.06537171945526095
PoPoLoCrois,0.06537171945526095
Dragon Rage,0.06537171945526095
Theresia...,0.06537171945526095
Sacred 2: Fallen Angel,0.07573580710826644
Dance Sensation!,0.12461871631481604
Adventure Time: The Secret of the Nameless Kingdom,0.07573580710826644
Teenage Mutant Ninja Turtles 3: Mutant Nightmare,0.06537171945526095
